
INSERT INTO `halls` (`id`, `title`) VALUES
(1, 'Большой зал IMAX'),
(2, 'Большой зал 2D'),
(3, 'Малый зал 1 2D'),
(4, 'Малый зал 2 2D'),
(5, 'Зал VIP 2D');

INSERT INTO `movies` (`id`, `title`) VALUES
(1, 'The Shawshank Redemption'),
(2, 'The Godfather'),
(3, 'The Godfather: Part II'),
(4, 'The Dark Knight'),
(5, '12 Angry Men');

INSERT INTO `price_ranges` (`id`, `title`) VALUES
(1, 'Утро (рабочие дни)'),
(2, 'День (рабочие дни)'),
(3, 'Вечер (рабочие дни)'),
(4, 'Ночь (рабочие дни)'),
(5, 'Утро (выходные дни)'),
(6, 'День (выходные дни)'),
(7, 'Вечер (выходные дни)'),
(8, 'Ночь (выходные дни)');

INSERT INTO `price_types` (`id`, `title`) VALUES
(1, 'Эконом 2D'),
(2, 'Стандарт 2D'),
(3, 'Премиум 2D'),
(4, 'Эконом IMAX'),
(5, 'Стандарт IMAX'),
(6, 'Премиум IMAX'),
(7, 'Премиум VIP');

INSERT INTO `price_types_price_ranges` (`id`, `type`, `range`, `value`) VALUES
(1, 1, 1, 200),
(2, 1, 2, 250),
(3, 1, 3, 400),
(4, 1, 4, 300),
(5, 1, 5, 250),
(6, 1, 5, 350),
(7, 1, 7, 400),
(8, 1, 8, 300),

(9, 2, 1, 300),
(10, 2, 2, 350),
(11, 2, 3, 500),
(12, 2, 4, 400),
(13, 2, 5, 350),
(14, 2, 6, 450),
(15, 2, 7, 500),
(16, 2, 8, 400),

(17, 3, 1, 400),
(18, 3, 2, 450),
(19, 3, 3, 600),
(20, 3, 4, 500),
(21, 3, 5, 460),
(22, 3, 6, 560),
(23, 3, 7, 630),
(24, 3, 8, 510),

(25, 4, 1, 400),
(26, 4, 2, 450),
(27, 4, 3, 600),
(28, 4, 4, 500),
(29, 4, 5, 460),
(30, 4, 6, 560),
(31, 4, 7, 630),
(32, 4, 8, 510),

(33, 5, 1, 420),
(34, 5, 2, 480),
(35, 5, 3, 720),
(36, 5, 4, 720),
(37, 5, 5, 460),
(38, 5, 6, 520),
(39, 5, 7, 800),
(40, 5, 8, 800),

(41, 6, 1, 520),
(42, 6, 2, 580),
(43, 6, 3, 820),
(44, 6, 4, 820),
(45, 6, 5, 560),
(46, 6, 6, 620),
(47, 6, 7, 900),
(48, 6, 8, 900),

(49, 7, 1, 520),
(50, 7, 2, 580),
(51, 7, 3, 820),
(52, 7, 4, 820),
(53, 7, 5, 560),
(54, 7, 6, 620),
(55, 7, 7, 900),
(56, 7, 8, 900);


INSERT INTO `screenings` (`id`, `hall`, `movie`, `price_range`, `ts_start`) VALUES
(1, 1, 1, 3, '2021-08-02 18:30:00'),
(2, 1, 1, 3, '2021-08-02 18:30:00'),
(3, 1, 1, 3, '2021-08-03 18:30:00'),
(4, 1, 1, 3, '2021-08-04 18:30:00'),
(5, 1, 1, 3, '2021-08-05 18:30:00'),
(6, 1, 1, 3, '2021-08-06 18:30:00'),
(7, 1, 1, 7, '2021-08-07 18:30:00'),
(8, 1, 1, 7, '2021-08-08 18:30:00'),
(9, 5, 1, 4, '2021-08-02 00:30:00'),
(10, 5, 1, 4, '2021-08-03 00:30:00'),
(11, 5, 1, 4, '2021-08-04 00:30:00'),
(12, 5, 1, 4, '2021-08-05 00:30:00'),
(13, 5, 1, 4, '2021-08-06 00:30:00'),
(14, 5, 1, 8, '2021-08-07 00:30:00'),
(15, 5, 1, 8, '2021-08-08 00:30:00'),
(16, 2, 2, 2, '2021-08-02 14:30:00'),
(17, 2, 2, 2, '2021-08-03 14:30:00'),
(18, 2, 2, 2, '2021-08-04 14:30:00'),
(19, 2, 2, 2, '2021-08-05 14:30:00'),
(20, 2, 2, 2, '2021-08-06 14:30:00'),
(21, 2, 2, 6, '2021-08-07 14:30:00'),
(22, 2, 2, 6, '2021-08-08 14:30:00'),
(23, 3, 3, 2, '2021-08-02 14:30:00'),
(24, 3, 3, 2, '2021-08-03 14:30:00'),
(25, 3, 3, 2, '2021-08-04 14:30:00'),
(26, 3, 3, 2, '2021-08-05 14:30:00'),
(27, 3, 3, 2, '2021-08-06 14:30:00'),
(28, 3, 3, 6, '2021-08-07 14:30:00'),
(29, 3, 3, 6, '2021-08-08 14:30:00'),
(30, 4, 3, 2, '2021-08-02 14:30:00'),
(31, 4, 3, 2, '2021-08-03 14:30:00'),
(32, 4, 3, 2, '2021-08-04 14:30:00'),
(33, 4, 3, 2, '2021-08-05 14:30:00'),
(34, 4, 3, 2, '2021-08-06 14:30:00'),
(35, 4, 3, 6, '2021-08-07 14:30:00'),
(36, 4, 3, 6, '2021-08-08 14:30:00'),
(37, 4, 4, 1, '2021-08-02 11:30:00'),
(38, 4, 4, 1, '2021-08-03 11:30:00'),
(39, 4, 4, 1, '2021-08-04 11:30:00'),
(40, 4, 4, 1, '2021-08-05 11:30:00'),
(41, 4, 4, 1, '2021-08-06 11:30:00'),
(42, 4, 4, 5, '2021-08-07 11:30:00'),
(43, 4, 4, 5, '2021-08-08 11:30:00'),
(44, 3, 4, 1, '2021-08-02 11:30:00'),
(45, 3, 4, 1, '2021-08-03 11:30:00'),
(46, 3, 4, 1, '2021-08-04 11:30:00'),
(47, 3, 4, 1, '2021-08-05 11:30:00'),
(48, 3, 4, 1, '2021-08-06 11:30:00'),
(49, 3, 4, 5, '2021-08-07 11:30:00'),
(50, 3, 4, 5, '2021-08-08 11:30:00'),
(51, 5, 5, 2, '2021-08-02 13:30:00'),
(52, 5, 5, 2, '2021-08-03 13:30:00'),
(53, 5, 5, 2, '2021-08-04 13:30:00'),
(54, 5, 5, 2, '2021-08-05 13:30:00'),
(55, 5, 5, 2, '2021-08-06 13:30:00'),
(56, 5, 5, 6, '2021-08-07 13:30:00'),
(57, 5, 5, 6, '2021-08-08 13:30:00'),
(58, 3, 5, 3, '2021-08-02 19:30:00'),
(59, 3, 5, 3, '2021-08-03 19:30:00'),
(60, 3, 5, 3, '2021-08-04 19:30:00'),
(61, 3, 5, 3, '2021-08-05 19:30:00'),
(62, 3, 5, 3, '2021-08-06 19:30:00'),
(63, 3, 5, 7, '2021-08-07 19:30:00'),
(64, 3, 5, 7, '2021-08-08 19:30:00');

INSERT INTO `seats` (`id`, `hall`, `type`, `row`, `number`) VALUES
(1080, 1, 4, 1, 1),
(1081, 1, 4, 1, 2),
(1082, 1, 4, 1, 3),
(1083, 1, 4, 1, 4),
(1084, 1, 4, 1, 5),
(1085, 1, 4, 1, 6),
(1086, 1, 4, 1, 7),
(1087, 1, 4, 1, 8),
(1088, 1, 4, 1, 9),
(1089, 1, 4, 1, 10),
(1090, 1, 4, 1, 11),
(1091, 1, 4, 1, 12),
(1092, 1, 4, 1, 13),
(1093, 1, 4, 1, 14),
(1094, 1, 4, 1, 15),
(1095, 1, 4, 1, 16),
(1096, 1, 4, 1, 17),
(1097, 1, 4, 1, 18),
(1098, 1, 4, 1, 19),
(1099, 1, 4, 1, 20),
(1100, 1, 4, 1, 21),
(1101, 1, 4, 1, 22),
(1102, 1, 4, 1, 23),
(1103, 1, 4, 1, 24),
(1104, 1, 4, 1, 25),
(1105, 1, 4, 1, 26),
(1106, 1, 4, 2, 1),
(1107, 1, 4, 2, 2),
(1108, 1, 4, 2, 3),
(1109, 1, 4, 2, 4),
(1110, 1, 4, 2, 5),
(1111, 1, 4, 2, 6),
(1112, 1, 4, 2, 7),
(1113, 1, 4, 2, 8),
(1114, 1, 4, 2, 9),
(1115, 1, 4, 2, 10),
(1116, 1, 4, 2, 11),
(1117, 1, 4, 2, 12),
(1118, 1, 4, 2, 13),
(1119, 1, 4, 2, 14),
(1120, 1, 4, 2, 15),
(1121, 1, 4, 2, 16),
(1122, 1, 4, 2, 17),
(1123, 1, 4, 2, 18),
(1124, 1, 4, 2, 19),
(1125, 1, 4, 2, 20),
(1126, 1, 4, 2, 21),
(1127, 1, 4, 2, 22),
(1128, 1, 4, 2, 23),
(1129, 1, 4, 2, 24),
(1130, 1, 4, 2, 25),
(1131, 1, 4, 2, 26),
(1132, 1, 5, 3, 1),
(1133, 1, 5, 3, 2),
(1134, 1, 5, 3, 3),
(1135, 1, 5, 3, 4),
(1136, 1, 5, 3, 5),
(1137, 1, 5, 3, 6),
(1138, 1, 5, 3, 7),
(1139, 1, 5, 3, 8),
(1140, 1, 5, 3, 9),
(1141, 1, 5, 3, 10),
(1142, 1, 5, 3, 11),
(1143, 1, 5, 3, 12),
(1144, 1, 5, 3, 13),
(1145, 1, 5, 3, 14),
(1146, 1, 5, 3, 15),
(1147, 1, 5, 3, 16),
(1148, 1, 5, 3, 17),
(1149, 1, 5, 3, 18),
(1150, 1, 5, 3, 19),
(1151, 1, 5, 3, 20),
(1152, 1, 5, 3, 21),
(1153, 1, 5, 3, 22),
(1154, 1, 5, 3, 23),
(1155, 1, 5, 3, 24),
(1156, 1, 5, 3, 25),
(1157, 1, 5, 3, 26),
(1158, 1, 5, 4, 1),
(1159, 1, 5, 4, 2),
(1160, 1, 5, 4, 3),
(1161, 1, 5, 4, 4),
(1162, 1, 5, 4, 5),
(1163, 1, 5, 4, 6),
(1164, 1, 5, 4, 7),
(1165, 1, 5, 4, 8),
(1166, 1, 5, 4, 9),
(1167, 1, 5, 4, 10),
(1168, 1, 5, 4, 11),
(1169, 1, 5, 4, 12),
(1170, 1, 5, 4, 13),
(1171, 1, 5, 4, 14),
(1172, 1, 5, 4, 15),
(1173, 1, 5, 4, 16),
(1174, 1, 5, 4, 17),
(1175, 1, 5, 4, 18),
(1176, 1, 5, 4, 19),
(1177, 1, 5, 4, 20),
(1178, 1, 5, 4, 21),
(1179, 1, 5, 4, 22),
(1180, 1, 5, 4, 23),
(1181, 1, 5, 4, 24),
(1182, 1, 5, 4, 25),
(1183, 1, 5, 4, 26),
(1184, 1, 5, 5, 1),
(1185, 1, 5, 5, 2),
(1186, 1, 5, 5, 3),
(1187, 1, 5, 5, 4),
(1188, 1, 5, 5, 5),
(1189, 1, 5, 5, 6),
(1190, 1, 5, 5, 7),
(1191, 1, 5, 5, 8),
(1192, 1, 5, 5, 9),
(1193, 1, 5, 5, 10),
(1194, 1, 5, 5, 11),
(1195, 1, 5, 5, 12),
(1196, 1, 5, 5, 13),
(1197, 1, 5, 5, 14),
(1198, 1, 5, 5, 15),
(1199, 1, 5, 5, 16),
(1200, 1, 5, 5, 17),
(1201, 1, 5, 5, 18),
(1202, 1, 5, 5, 19),
(1203, 1, 5, 5, 20),
(1204, 1, 5, 5, 21),
(1205, 1, 5, 5, 22),
(1206, 1, 5, 5, 23),
(1207, 1, 5, 5, 24),
(1208, 1, 5, 5, 25),
(1209, 1, 5, 5, 26),
(1210, 1, 5, 6, 1),
(1211, 1, 5, 6, 2),
(1212, 1, 5, 6, 3),
(1213, 1, 5, 6, 4),
(1214, 1, 5, 6, 5),
(1215, 1, 5, 6, 6),
(1216, 1, 5, 6, 7),
(1217, 1, 5, 6, 8),
(1218, 1, 5, 6, 9),
(1219, 1, 5, 6, 10),
(1220, 1, 5, 6, 11),
(1221, 1, 5, 6, 12),
(1222, 1, 5, 6, 13),
(1223, 1, 5, 6, 14),
(1224, 1, 5, 6, 15),
(1225, 1, 5, 6, 16),
(1226, 1, 5, 6, 17),
(1227, 1, 5, 6, 18),
(1228, 1, 5, 6, 19),
(1229, 1, 5, 6, 20),
(1230, 1, 5, 6, 21),
(1231, 1, 5, 6, 22),
(1232, 1, 5, 6, 23),
(1233, 1, 5, 6, 24),
(1234, 1, 5, 6, 25),
(1235, 1, 5, 6, 26),
(1236, 1, 5, 7, 1),
(1237, 1, 5, 7, 2),
(1238, 1, 5, 7, 3),
(1239, 1, 5, 7, 4),
(1240, 1, 5, 7, 5),
(1241, 1, 6, 7, 6),
(1242, 1, 6, 7, 7),
(1243, 1, 6, 7, 8),
(1244, 1, 6, 7, 9),
(1245, 1, 6, 7, 10),
(1246, 1, 6, 7, 11),
(1247, 1, 6, 7, 12),
(1248, 1, 6, 7, 13),
(1249, 1, 6, 7, 14),
(1250, 1, 6, 7, 15),
(1251, 1, 6, 7, 16),
(1252, 1, 6, 7, 17),
(1253, 1, 6, 7, 18),
(1254, 1, 6, 7, 19),
(1255, 1, 6, 7, 20),
(1256, 1, 6, 7, 21),
(1257, 1, 5, 7, 22),
(1258, 1, 5, 7, 23),
(1259, 1, 5, 7, 24),
(1260, 1, 5, 7, 25),
(1261, 1, 5, 7, 26),
(1262, 1, 5, 8, 1),
(1263, 1, 5, 8, 2),
(1264, 1, 5, 8, 3),
(1265, 1, 5, 8, 4),
(1266, 1, 5, 8, 5),
(1267, 1, 6, 8, 6),
(1268, 1, 6, 8, 7),
(1269, 1, 6, 8, 8),
(1270, 1, 6, 8, 9),
(1271, 1, 6, 8, 10),
(1272, 1, 6, 8, 11),
(1273, 1, 6, 8, 12),
(1274, 1, 6, 8, 13),
(1275, 1, 6, 8, 14),
(1276, 1, 6, 8, 15),
(1277, 1, 6, 8, 16),
(1278, 1, 6, 8, 17),
(1279, 1, 6, 8, 18),
(1280, 1, 6, 8, 19),
(1281, 1, 6, 8, 20),
(1282, 1, 6, 8, 21),
(1283, 1, 5, 8, 22),
(1284, 1, 5, 8, 23),
(1285, 1, 5, 8, 24),
(1286, 1, 5, 8, 25),
(1287, 1, 5, 8, 26),
(1288, 1, 5, 9, 1),
(1289, 1, 5, 9, 2),
(1290, 1, 5, 9, 3),
(1291, 1, 5, 9, 4),
(1292, 1, 5, 9, 5),
(1293, 1, 6, 9, 6),
(1294, 1, 6, 9, 7),
(1295, 1, 6, 9, 8),
(1296, 1, 6, 9, 9),
(1297, 1, 6, 9, 10),
(1298, 1, 6, 9, 11),
(1299, 1, 6, 9, 12),
(1300, 1, 6, 9, 13),
(1301, 1, 6, 9, 14),
(1302, 1, 6, 9, 15),
(1303, 1, 6, 9, 16),
(1304, 1, 6, 9, 17),
(1305, 1, 6, 9, 18),
(1306, 1, 6, 9, 19),
(1307, 1, 6, 9, 20),
(1308, 1, 6, 9, 21),
(1309, 1, 5, 9, 22),
(1310, 1, 5, 9, 23),
(1311, 1, 5, 9, 24),
(1312, 1, 5, 9, 25),
(1313, 1, 5, 9, 26),
(1314, 1, 5, 10, 1),
(1315, 1, 5, 10, 2),
(1316, 1, 5, 10, 3),
(1317, 1, 5, 10, 4),
(1318, 1, 5, 10, 5),
(1319, 1, 6, 10, 6),
(1320, 1, 6, 10, 7),
(1321, 1, 6, 10, 8),
(1322, 1, 6, 10, 9),
(1323, 1, 6, 10, 10),
(1324, 1, 6, 10, 11),
(1325, 1, 6, 10, 12),
(1326, 1, 6, 10, 13),
(1327, 1, 6, 10, 14),
(1328, 1, 6, 10, 15),
(1329, 1, 6, 10, 16),
(1330, 1, 6, 10, 17),
(1331, 1, 6, 10, 18),
(1332, 1, 6, 10, 19),
(1333, 1, 6, 10, 20),
(1334, 1, 6, 10, 21),
(1335, 1, 5, 10, 22),
(1336, 1, 5, 10, 23),
(1337, 1, 5, 10, 24),
(1338, 1, 5, 10, 25),
(1339, 1, 5, 10, 26),
(1340, 1, 5, 11, 1),
(1341, 1, 5, 11, 2),
(1342, 1, 5, 11, 3),
(1343, 1, 5, 11, 4),
(1344, 1, 5, 11, 5),
(1345, 1, 6, 11, 6),
(1346, 1, 6, 11, 7),
(1347, 1, 6, 11, 8),
(1348, 1, 6, 11, 9),
(1349, 1, 6, 11, 10),
(1350, 1, 6, 11, 11),
(1351, 1, 6, 11, 12),
(1352, 1, 6, 11, 13),
(1353, 1, 6, 11, 14),
(1354, 1, 6, 11, 15),
(1355, 1, 6, 11, 16),
(1356, 1, 6, 11, 17),
(1357, 1, 6, 11, 18),
(1358, 1, 6, 11, 19),
(1359, 1, 6, 11, 20),
(1360, 1, 6, 11, 21),
(1361, 1, 5, 11, 22),
(1362, 1, 5, 11, 23),
(1363, 1, 5, 11, 24),
(1364, 1, 5, 11, 25),
(1365, 1, 5, 11, 26),
(1366, 1, 5, 12, 1),
(1367, 1, 5, 12, 2),
(1368, 1, 5, 12, 3),
(1369, 1, 5, 12, 4),
(1370, 1, 5, 12, 5),
(1371, 1, 6, 12, 6),
(1372, 1, 6, 12, 7),
(1373, 1, 6, 12, 8),
(1374, 1, 6, 12, 9),
(1375, 1, 6, 12, 10),
(1376, 1, 6, 12, 11),
(1377, 1, 6, 12, 12),
(1378, 1, 6, 12, 13),
(1379, 1, 6, 12, 14),
(1380, 1, 6, 12, 15),
(1381, 1, 6, 12, 16),
(1382, 1, 6, 12, 17),
(1383, 1, 6, 12, 18),
(1384, 1, 6, 12, 19),
(1385, 1, 6, 12, 20),
(1386, 1, 6, 12, 21),
(1387, 1, 5, 12, 22),
(1388, 1, 5, 12, 23),
(1389, 1, 5, 12, 24),
(1390, 1, 5, 12, 25),
(1391, 1, 5, 12, 26),
(1392, 1, 5, 13, 1),
(1393, 1, 5, 13, 2),
(1394, 1, 5, 13, 3),
(1395, 1, 5, 13, 4),
(1396, 1, 5, 13, 5),
(1397, 1, 6, 13, 6),
(1398, 1, 6, 13, 7),
(1399, 1, 6, 13, 8),
(1400, 1, 6, 13, 9),
(1401, 1, 6, 13, 10),
(1402, 1, 6, 13, 11),
(1403, 1, 6, 13, 12),
(1404, 1, 6, 13, 13),
(1405, 1, 6, 13, 14),
(1406, 1, 6, 13, 15),
(1407, 1, 6, 13, 16),
(1408, 1, 6, 13, 17),
(1409, 1, 6, 13, 18),
(1410, 1, 6, 13, 19),
(1411, 1, 6, 13, 20),
(1412, 1, 6, 13, 21),
(1413, 1, 5, 13, 22),
(1414, 1, 5, 13, 23),
(1415, 1, 5, 13, 24),
(1416, 1, 5, 13, 25),
(1417, 1, 5, 13, 26),
(1418, 1, 5, 14, 1),
(1419, 1, 5, 14, 2),
(1420, 1, 5, 14, 3),
(1421, 1, 5, 14, 4),
(1422, 1, 5, 14, 5),
(1423, 1, 6, 14, 6),
(1424, 1, 6, 14, 7),
(1425, 1, 6, 14, 8),
(1426, 1, 6, 14, 9),
(1427, 1, 6, 14, 10),
(1428, 1, 6, 14, 11),
(1429, 1, 6, 14, 12),
(1430, 1, 6, 14, 13),
(1431, 1, 6, 14, 14),
(1432, 1, 6, 14, 15),
(1433, 1, 6, 14, 16),
(1434, 1, 6, 14, 17),
(1435, 1, 6, 14, 18),
(1436, 1, 6, 14, 19),
(1437, 1, 6, 14, 20),
(1438, 1, 6, 14, 21),
(1439, 1, 5, 14, 22),
(1440, 1, 5, 14, 23),
(1441, 1, 5, 14, 24),
(1442, 1, 5, 14, 25),
(1443, 1, 5, 14, 26),
(1444, 1, 5, 15, 1),
(1445, 1, 5, 15, 2),
(1446, 1, 5, 15, 3),
(1447, 1, 5, 15, 4),
(1448, 1, 5, 15, 5),
(1449, 1, 6, 15, 6),
(1450, 1, 6, 15, 7),
(1451, 1, 6, 15, 8),
(1452, 1, 6, 15, 9),
(1453, 1, 6, 15, 10),
(1454, 1, 6, 15, 11),
(1455, 1, 6, 15, 12),
(1456, 1, 6, 15, 13),
(1457, 1, 6, 15, 14),
(1458, 1, 6, 15, 15),
(1459, 1, 6, 15, 16),
(1460, 1, 6, 15, 17),
(1461, 1, 6, 15, 18),
(1462, 1, 6, 15, 19),
(1463, 1, 6, 15, 20),
(1464, 1, 6, 15, 21),
(1465, 1, 5, 15, 22),
(1466, 1, 5, 15, 23),
(1467, 1, 5, 15, 24),
(1468, 1, 5, 15, 25),
(1469, 1, 5, 15, 26),
(1470, 1, 5, 16, 1),
(1471, 1, 5, 16, 2),
(1472, 1, 5, 16, 3),
(1473, 1, 5, 16, 4),
(1474, 1, 5, 16, 5),
(1475, 1, 5, 16, 6),
(1476, 1, 5, 16, 7),
(1477, 1, 5, 16, 8),
(1478, 1, 5, 16, 9),
(1479, 1, 5, 16, 10),
(1480, 1, 5, 16, 11),
(1481, 1, 5, 16, 12),
(1482, 1, 5, 16, 13),
(1483, 1, 5, 16, 14),
(1484, 1, 5, 16, 15),
(1485, 1, 5, 16, 16),
(1486, 1, 5, 16, 17),
(1487, 1, 5, 16, 18),
(1488, 1, 5, 16, 19),
(1489, 1, 5, 16, 20),
(1490, 1, 5, 16, 21),
(1491, 1, 5, 16, 22),
(1492, 1, 5, 16, 23),
(1493, 1, 5, 16, 24),
(1494, 1, 5, 16, 25),
(1495, 1, 5, 16, 26),
(1496, 1, 5, 17, 1),
(1497, 1, 5, 17, 2),
(1498, 1, 5, 17, 3),
(1499, 1, 5, 17, 4),
(1500, 1, 5, 17, 5),
(1501, 1, 5, 17, 6),
(1502, 1, 5, 17, 7),
(1503, 1, 5, 17, 8),
(1504, 1, 5, 17, 9),
(1505, 1, 5, 17, 10),
(1506, 1, 5, 17, 11),
(1507, 1, 5, 17, 12),
(1508, 1, 5, 17, 13),
(1509, 1, 5, 17, 14),
(1510, 1, 5, 17, 15),
(1511, 1, 5, 17, 16),
(1512, 1, 5, 17, 17),
(1513, 1, 5, 17, 18),
(1514, 1, 5, 17, 19),
(1515, 1, 5, 17, 20),
(1516, 1, 5, 17, 21),
(1517, 1, 5, 17, 22),
(1518, 1, 5, 17, 23),
(1519, 1, 5, 17, 24),
(1520, 1, 5, 17, 25),
(1521, 1, 5, 17, 26),
(1522, 1, 5, 18, 1),
(1523, 1, 5, 18, 2),
(1524, 1, 5, 18, 3),
(1525, 1, 5, 18, 4),
(1526, 1, 5, 18, 5),
(1527, 1, 5, 18, 6),
(1528, 1, 5, 18, 7),
(1529, 1, 5, 18, 8),
(1530, 1, 5, 18, 9),
(1531, 1, 5, 18, 10),
(1532, 1, 5, 18, 11),
(1533, 1, 5, 18, 12),
(1534, 1, 5, 18, 13),
(1535, 1, 5, 18, 14),
(1536, 1, 5, 18, 15),
(1537, 1, 5, 18, 16),
(1538, 1, 5, 18, 17),
(1539, 1, 5, 18, 18),
(1540, 1, 5, 18, 19),
(1541, 1, 5, 18, 20),
(1542, 1, 5, 18, 21),
(1543, 1, 5, 18, 22),
(1544, 1, 5, 18, 23),
(1545, 1, 5, 18, 24),
(1546, 1, 5, 18, 25),
(1547, 1, 5, 18, 26),
(1548, 2, 1, 1, 1),
(1549, 2, 1, 1, 2),
(1550, 2, 1, 1, 3),
(1551, 2, 1, 1, 4),
(1552, 2, 1, 1, 5),
(1553, 2, 1, 1, 6),
(1554, 2, 1, 1, 7),
(1555, 2, 1, 1, 8),
(1556, 2, 1, 1, 9),
(1557, 2, 1, 1, 10),
(1558, 2, 1, 1, 11),
(1559, 2, 1, 1, 12),
(1560, 2, 1, 1, 13),
(1561, 2, 1, 1, 14),
(1562, 2, 1, 1, 15),
(1563, 2, 1, 1, 16),
(1564, 2, 1, 1, 17),
(1565, 2, 1, 1, 18),
(1566, 2, 1, 1, 19),
(1567, 2, 1, 1, 20),
(1568, 2, 1, 1, 21),
(1569, 2, 1, 1, 22),
(1570, 2, 1, 1, 23),
(1571, 2, 1, 1, 24),
(1572, 2, 1, 1, 25),
(1573, 2, 1, 1, 26),
(1574, 2, 1, 2, 1),
(1575, 2, 1, 2, 2),
(1576, 2, 1, 2, 3),
(1577, 2, 1, 2, 4),
(1578, 2, 1, 2, 5),
(1579, 2, 1, 2, 6),
(1580, 2, 1, 2, 7),
(1581, 2, 1, 2, 8),
(1582, 2, 1, 2, 9),
(1583, 2, 1, 2, 10),
(1584, 2, 1, 2, 11),
(1585, 2, 1, 2, 12),
(1586, 2, 1, 2, 13),
(1587, 2, 1, 2, 14),
(1588, 2, 1, 2, 15),
(1589, 2, 1, 2, 16),
(1590, 2, 1, 2, 17),
(1591, 2, 1, 2, 18),
(1592, 2, 1, 2, 19),
(1593, 2, 1, 2, 20),
(1594, 2, 1, 2, 21),
(1595, 2, 1, 2, 22),
(1596, 2, 1, 2, 23),
(1597, 2, 1, 2, 24),
(1598, 2, 1, 2, 25),
(1599, 2, 1, 2, 26),
(1600, 2, 2, 3, 1),
(1601, 2, 2, 3, 2),
(1602, 2, 2, 3, 3),
(1603, 2, 2, 3, 4),
(1604, 2, 2, 3, 5),
(1605, 2, 2, 3, 6),
(1606, 2, 2, 3, 7),
(1607, 2, 2, 3, 8),
(1608, 2, 2, 3, 9),
(1609, 2, 2, 3, 10),
(1610, 2, 2, 3, 11),
(1611, 2, 2, 3, 12),
(1612, 2, 2, 3, 13),
(1613, 2, 2, 3, 14),
(1614, 2, 2, 3, 15),
(1615, 2, 2, 3, 16),
(1616, 2, 2, 3, 17),
(1617, 2, 2, 3, 18),
(1618, 2, 2, 3, 19),
(1619, 2, 2, 3, 20),
(1620, 2, 2, 3, 21),
(1621, 2, 2, 3, 22),
(1622, 2, 2, 3, 23),
(1623, 2, 2, 3, 24),
(1624, 2, 2, 3, 25),
(1625, 2, 2, 3, 26),
(1626, 2, 2, 4, 1),
(1627, 2, 2, 4, 2),
(1628, 2, 2, 4, 3),
(1629, 2, 2, 4, 4),
(1630, 2, 2, 4, 5),
(1631, 2, 2, 4, 6),
(1632, 2, 2, 4, 7),
(1633, 2, 2, 4, 8),
(1634, 2, 2, 4, 9),
(1635, 2, 2, 4, 10),
(1636, 2, 2, 4, 11),
(1637, 2, 2, 4, 12),
(1638, 2, 2, 4, 13),
(1639, 2, 2, 4, 14),
(1640, 2, 2, 4, 15),
(1641, 2, 2, 4, 16),
(1642, 2, 2, 4, 17),
(1643, 2, 2, 4, 18),
(1644, 2, 2, 4, 19),
(1645, 2, 2, 4, 20),
(1646, 2, 2, 4, 21),
(1647, 2, 2, 4, 22),
(1648, 2, 2, 4, 23),
(1649, 2, 2, 4, 24),
(1650, 2, 2, 4, 25),
(1651, 2, 2, 4, 26),
(1652, 2, 2, 5, 1),
(1653, 2, 2, 5, 2),
(1654, 2, 2, 5, 3),
(1655, 2, 2, 5, 4),
(1656, 2, 2, 5, 5),
(1657, 2, 2, 5, 6),
(1658, 2, 2, 5, 7),
(1659, 2, 2, 5, 8),
(1660, 2, 2, 5, 9),
(1661, 2, 2, 5, 10),
(1662, 2, 2, 5, 11),
(1663, 2, 2, 5, 12),
(1664, 2, 2, 5, 13),
(1665, 2, 2, 5, 14),
(1666, 2, 2, 5, 15),
(1667, 2, 2, 5, 16),
(1668, 2, 2, 5, 17),
(1669, 2, 2, 5, 18),
(1670, 2, 2, 5, 19),
(1671, 2, 2, 5, 20),
(1672, 2, 2, 5, 21),
(1673, 2, 2, 5, 22),
(1674, 2, 2, 5, 23),
(1675, 2, 2, 5, 24),
(1676, 2, 2, 5, 25),
(1677, 2, 2, 5, 26),
(1678, 2, 2, 6, 1),
(1679, 2, 2, 6, 2),
(1680, 2, 2, 6, 3),
(1681, 2, 2, 6, 4),
(1682, 2, 2, 6, 5),
(1683, 2, 2, 6, 6),
(1684, 2, 2, 6, 7),
(1685, 2, 2, 6, 8),
(1686, 2, 2, 6, 9),
(1687, 2, 2, 6, 10),
(1688, 2, 2, 6, 11),
(1689, 2, 2, 6, 12),
(1690, 2, 2, 6, 13),
(1691, 2, 2, 6, 14),
(1692, 2, 2, 6, 15),
(1693, 2, 2, 6, 16),
(1694, 2, 2, 6, 17),
(1695, 2, 2, 6, 18),
(1696, 2, 2, 6, 19),
(1697, 2, 2, 6, 20),
(1698, 2, 2, 6, 21),
(1699, 2, 2, 6, 22),
(1700, 2, 2, 6, 23),
(1701, 2, 2, 6, 24),
(1702, 2, 2, 6, 25),
(1703, 2, 2, 6, 26),
(1704, 2, 2, 7, 1),
(1705, 2, 2, 7, 2),
(1706, 2, 2, 7, 3),
(1707, 2, 2, 7, 4),
(1708, 2, 2, 7, 5),
(1709, 2, 3, 7, 6),
(1710, 2, 3, 7, 7),
(1711, 2, 3, 7, 8),
(1712, 2, 3, 7, 9),
(1713, 2, 3, 7, 10),
(1714, 2, 3, 7, 11),
(1715, 2, 3, 7, 12),
(1716, 2, 3, 7, 13),
(1717, 2, 3, 7, 14),
(1718, 2, 3, 7, 15),
(1719, 2, 3, 7, 16),
(1720, 2, 3, 7, 17),
(1721, 2, 3, 7, 18),
(1722, 2, 3, 7, 19),
(1723, 2, 3, 7, 20),
(1724, 2, 3, 7, 21),
(1725, 2, 2, 7, 22),
(1726, 2, 2, 7, 23),
(1727, 2, 2, 7, 24),
(1728, 2, 2, 7, 25),
(1729, 2, 2, 7, 26),
(1730, 2, 2, 8, 1),
(1731, 2, 2, 8, 2),
(1732, 2, 2, 8, 3),
(1733, 2, 2, 8, 4),
(1734, 2, 2, 8, 5),
(1735, 2, 3, 8, 6),
(1736, 2, 3, 8, 7),
(1737, 2, 3, 8, 8),
(1738, 2, 3, 8, 9),
(1739, 2, 3, 8, 10),
(1740, 2, 3, 8, 11),
(1741, 2, 3, 8, 12),
(1742, 2, 3, 8, 13),
(1743, 2, 3, 8, 14),
(1744, 2, 3, 8, 15),
(1745, 2, 3, 8, 16),
(1746, 2, 3, 8, 17),
(1747, 2, 3, 8, 18),
(1748, 2, 3, 8, 19),
(1749, 2, 3, 8, 20),
(1750, 2, 3, 8, 21),
(1751, 2, 2, 8, 22),
(1752, 2, 2, 8, 23),
(1753, 2, 2, 8, 24),
(1754, 2, 2, 8, 25),
(1755, 2, 2, 8, 26),
(1756, 2, 2, 9, 1),
(1757, 2, 2, 9, 2),
(1758, 2, 2, 9, 3),
(1759, 2, 2, 9, 4),
(1760, 2, 2, 9, 5),
(1761, 2, 3, 9, 6),
(1762, 2, 3, 9, 7),
(1763, 2, 3, 9, 8),
(1764, 2, 3, 9, 9),
(1765, 2, 3, 9, 10),
(1766, 2, 3, 9, 11),
(1767, 2, 3, 9, 12),
(1768, 2, 3, 9, 13),
(1769, 2, 3, 9, 14),
(1770, 2, 3, 9, 15),
(1771, 2, 3, 9, 16),
(1772, 2, 3, 9, 17),
(1773, 2, 3, 9, 18),
(1774, 2, 3, 9, 19),
(1775, 2, 3, 9, 20),
(1776, 2, 3, 9, 21),
(1777, 2, 2, 9, 22),
(1778, 2, 2, 9, 23),
(1779, 2, 2, 9, 24),
(1780, 2, 2, 9, 25),
(1781, 2, 2, 9, 26),
(1782, 2, 2, 10, 1),
(1783, 2, 2, 10, 2),
(1784, 2, 2, 10, 3),
(1785, 2, 2, 10, 4),
(1786, 2, 2, 10, 5),
(1787, 2, 3, 10, 6),
(1788, 2, 3, 10, 7),
(1789, 2, 3, 10, 8),
(1790, 2, 3, 10, 9),
(1791, 2, 3, 10, 10),
(1792, 2, 3, 10, 11),
(1793, 2, 3, 10, 12),
(1794, 2, 3, 10, 13),
(1795, 2, 3, 10, 14),
(1796, 2, 3, 10, 15),
(1797, 2, 3, 10, 16),
(1798, 2, 3, 10, 17),
(1799, 2, 3, 10, 18),
(1800, 2, 3, 10, 19),
(1801, 2, 3, 10, 20),
(1802, 2, 3, 10, 21),
(1803, 2, 2, 10, 22),
(1804, 2, 2, 10, 23),
(1805, 2, 2, 10, 24),
(1806, 2, 2, 10, 25),
(1807, 2, 2, 10, 26),
(1808, 2, 2, 11, 1),
(1809, 2, 2, 11, 2),
(1810, 2, 2, 11, 3),
(1811, 2, 2, 11, 4),
(1812, 2, 2, 11, 5),
(1813, 2, 3, 11, 6),
(1814, 2, 3, 11, 7),
(1815, 2, 3, 11, 8),
(1816, 2, 3, 11, 9),
(1817, 2, 3, 11, 10),
(1818, 2, 3, 11, 11),
(1819, 2, 3, 11, 12),
(1820, 2, 3, 11, 13),
(1821, 2, 3, 11, 14),
(1822, 2, 3, 11, 15),
(1823, 2, 3, 11, 16),
(1824, 2, 3, 11, 17),
(1825, 2, 3, 11, 18),
(1826, 2, 3, 11, 19),
(1827, 2, 3, 11, 20),
(1828, 2, 3, 11, 21),
(1829, 2, 2, 11, 22),
(1830, 2, 2, 11, 23),
(1831, 2, 2, 11, 24),
(1832, 2, 2, 11, 25),
(1833, 2, 2, 11, 26),
(1834, 2, 2, 12, 1),
(1835, 2, 2, 12, 2),
(1836, 2, 2, 12, 3),
(1837, 2, 2, 12, 4),
(1838, 2, 2, 12, 5),
(1839, 2, 3, 12, 6),
(1840, 2, 3, 12, 7),
(1841, 2, 3, 12, 8),
(1842, 2, 3, 12, 9),
(1843, 2, 3, 12, 10),
(1844, 2, 3, 12, 11),
(1845, 2, 3, 12, 12),
(1846, 2, 3, 12, 13),
(1847, 2, 3, 12, 14),
(1848, 2, 3, 12, 15),
(1849, 2, 3, 12, 16),
(1850, 2, 3, 12, 17),
(1851, 2, 3, 12, 18),
(1852, 2, 3, 12, 19),
(1853, 2, 3, 12, 20),
(1854, 2, 3, 12, 21),
(1855, 2, 2, 12, 22),
(1856, 2, 2, 12, 23),
(1857, 2, 2, 12, 24),
(1858, 2, 2, 12, 25),
(1859, 2, 2, 12, 26),
(1860, 2, 2, 13, 1),
(1861, 2, 2, 13, 2),
(1862, 2, 2, 13, 3),
(1863, 2, 2, 13, 4),
(1864, 2, 2, 13, 5),
(1865, 2, 3, 13, 6),
(1866, 2, 3, 13, 7),
(1867, 2, 3, 13, 8),
(1868, 2, 3, 13, 9),
(1869, 2, 3, 13, 10),
(1870, 2, 3, 13, 11),
(1871, 2, 3, 13, 12),
(1872, 2, 3, 13, 13),
(1873, 2, 3, 13, 14),
(1874, 2, 3, 13, 15),
(1875, 2, 3, 13, 16),
(1876, 2, 3, 13, 17),
(1877, 2, 3, 13, 18),
(1878, 2, 3, 13, 19),
(1879, 2, 3, 13, 20),
(1880, 2, 3, 13, 21),
(1881, 2, 2, 13, 22),
(1882, 2, 2, 13, 23),
(1883, 2, 2, 13, 24),
(1884, 2, 2, 13, 25),
(1885, 2, 2, 13, 26),
(1886, 2, 2, 14, 1),
(1887, 2, 2, 14, 2),
(1888, 2, 2, 14, 3),
(1889, 2, 2, 14, 4),
(1890, 2, 2, 14, 5),
(1891, 2, 3, 14, 6),
(1892, 2, 3, 14, 7),
(1893, 2, 3, 14, 8),
(1894, 2, 3, 14, 9),
(1895, 2, 3, 14, 10),
(1896, 2, 3, 14, 11),
(1897, 2, 3, 14, 12),
(1898, 2, 3, 14, 13),
(1899, 2, 3, 14, 14),
(1900, 2, 3, 14, 15),
(1901, 2, 3, 14, 16),
(1902, 2, 3, 14, 17),
(1903, 2, 3, 14, 18),
(1904, 2, 3, 14, 19),
(1905, 2, 3, 14, 20),
(1906, 2, 3, 14, 21),
(1907, 2, 2, 14, 22),
(1908, 2, 2, 14, 23),
(1909, 2, 2, 14, 24),
(1910, 2, 2, 14, 25),
(1911, 2, 2, 14, 26),
(1912, 2, 2, 15, 1),
(1913, 2, 2, 15, 2),
(1914, 2, 2, 15, 3),
(1915, 2, 2, 15, 4),
(1916, 2, 2, 15, 5),
(1917, 2, 3, 15, 6),
(1918, 2, 3, 15, 7),
(1919, 2, 3, 15, 8),
(1920, 2, 3, 15, 9),
(1921, 2, 3, 15, 10),
(1922, 2, 3, 15, 11),
(1923, 2, 3, 15, 12),
(1924, 2, 3, 15, 13),
(1925, 2, 3, 15, 14),
(1926, 2, 3, 15, 15),
(1927, 2, 3, 15, 16),
(1928, 2, 3, 15, 17),
(1929, 2, 3, 15, 18),
(1930, 2, 3, 15, 19),
(1931, 2, 3, 15, 20),
(1932, 2, 3, 15, 21),
(1933, 2, 2, 15, 22),
(1934, 2, 2, 15, 23),
(1935, 2, 2, 15, 24),
(1936, 2, 2, 15, 25),
(1937, 2, 2, 15, 26),
(1938, 2, 2, 16, 1),
(1939, 2, 2, 16, 2),
(1940, 2, 2, 16, 3),
(1941, 2, 2, 16, 4),
(1942, 2, 2, 16, 5),
(1943, 2, 2, 16, 6),
(1944, 2, 2, 16, 7),
(1945, 2, 2, 16, 8),
(1946, 2, 2, 16, 9),
(1947, 2, 2, 16, 10),
(1948, 2, 2, 16, 11),
(1949, 2, 2, 16, 12),
(1950, 2, 2, 16, 13),
(1951, 2, 2, 16, 14),
(1952, 2, 2, 16, 15),
(1953, 2, 2, 16, 16),
(1954, 2, 2, 16, 17),
(1955, 2, 2, 16, 18),
(1956, 2, 2, 16, 19),
(1957, 2, 2, 16, 20),
(1958, 2, 2, 16, 21),
(1959, 2, 2, 16, 22),
(1960, 2, 2, 16, 23),
(1961, 2, 2, 16, 24),
(1962, 2, 2, 16, 25),
(1963, 2, 2, 16, 26),
(1964, 2, 2, 17, 1),
(1965, 2, 2, 17, 2),
(1966, 2, 2, 17, 3),
(1967, 2, 2, 17, 4),
(1968, 2, 2, 17, 5),
(1969, 2, 2, 17, 6),
(1970, 2, 2, 17, 7),
(1971, 2, 2, 17, 8),
(1972, 2, 2, 17, 9),
(1973, 2, 2, 17, 10),
(1974, 2, 2, 17, 11),
(1975, 2, 2, 17, 12),
(1976, 2, 2, 17, 13),
(1977, 2, 2, 17, 14),
(1978, 2, 2, 17, 15),
(1979, 2, 2, 17, 16),
(1980, 2, 2, 17, 17),
(1981, 2, 2, 17, 18),
(1982, 2, 2, 17, 19),
(1983, 2, 2, 17, 20),
(1984, 2, 2, 17, 21),
(1985, 2, 2, 17, 22),
(1986, 2, 2, 17, 23),
(1987, 2, 2, 17, 24),
(1988, 2, 2, 17, 25),
(1989, 2, 2, 17, 26),
(1990, 2, 2, 18, 1),
(1991, 2, 2, 18, 2),
(1992, 2, 2, 18, 3),
(1993, 2, 2, 18, 4),
(1994, 2, 2, 18, 5),
(1995, 2, 2, 18, 6),
(1996, 2, 2, 18, 7),
(1997, 2, 2, 18, 8),
(1998, 2, 2, 18, 9),
(1999, 2, 2, 18, 10),
(2000, 2, 2, 18, 11),
(2001, 2, 2, 18, 12),
(2002, 2, 2, 18, 13),
(2003, 2, 2, 18, 14),
(2004, 2, 2, 18, 15),
(2005, 2, 2, 18, 16),
(2006, 2, 2, 18, 17),
(2007, 2, 2, 18, 18),
(2008, 2, 2, 18, 19),
(2009, 2, 2, 18, 20),
(2010, 2, 2, 18, 21),
(2011, 2, 2, 18, 22),
(2012, 2, 2, 18, 23),
(2013, 2, 2, 18, 24),
(2014, 2, 2, 18, 25),
(2015, 2, 2, 18, 26),
(2016, 3, 2, 1, 1),
(2017, 3, 2, 1, 2),
(2018, 3, 2, 1, 3),
(2019, 3, 2, 1, 4),
(2020, 3, 2, 1, 5),
(2021, 3, 2, 1, 6),
(2022, 3, 2, 1, 7),
(2023, 3, 2, 1, 8),
(2024, 3, 2, 1, 9),
(2025, 3, 2, 1, 10),
(2026, 3, 2, 1, 11),
(2027, 3, 2, 1, 12),
(2028, 3, 2, 1, 13),
(2029, 3, 2, 1, 14),
(2030, 3, 2, 2, 1),
(2031, 3, 2, 2, 2),
(2032, 3, 2, 2, 3),
(2033, 3, 2, 2, 4),
(2034, 3, 2, 2, 5),
(2035, 3, 2, 2, 6),
(2036, 3, 2, 2, 7),
(2037, 3, 2, 2, 8),
(2038, 3, 2, 2, 9),
(2039, 3, 2, 2, 10),
(2040, 3, 2, 2, 11),
(2041, 3, 2, 2, 12),
(2042, 3, 2, 2, 13),
(2043, 3, 2, 2, 14),
(2044, 3, 2, 3, 1),
(2045, 3, 2, 3, 2),
(2046, 3, 2, 3, 3),
(2047, 3, 2, 3, 4),
(2048, 3, 2, 3, 5),
(2049, 3, 2, 3, 6),
(2050, 3, 2, 3, 7),
(2051, 3, 2, 3, 8),
(2052, 3, 2, 3, 9),
(2053, 3, 2, 3, 10),
(2054, 3, 2, 3, 11),
(2055, 3, 2, 3, 12),
(2056, 3, 2, 3, 13),
(2057, 3, 2, 3, 14),
(2058, 3, 2, 4, 1),
(2059, 3, 2, 4, 2),
(2060, 3, 2, 4, 3),
(2061, 3, 2, 4, 4),
(2062, 3, 2, 4, 5),
(2063, 3, 2, 4, 6),
(2064, 3, 2, 4, 7),
(2065, 3, 2, 4, 8),
(2066, 3, 2, 4, 9),
(2067, 3, 2, 4, 10),
(2068, 3, 2, 4, 11),
(2069, 3, 2, 4, 12),
(2070, 3, 2, 4, 13),
(2071, 3, 2, 4, 14),
(2072, 3, 2, 5, 1),
(2073, 3, 2, 5, 2),
(2074, 3, 2, 5, 3),
(2075, 3, 2, 5, 4),
(2076, 3, 2, 5, 5),
(2077, 3, 2, 5, 6),
(2078, 3, 2, 5, 7),
(2079, 3, 2, 5, 8),
(2080, 3, 2, 5, 9),
(2081, 3, 2, 5, 10),
(2082, 3, 2, 5, 11),
(2083, 3, 2, 5, 12),
(2084, 3, 2, 5, 13),
(2085, 3, 2, 5, 14),
(2086, 3, 2, 6, 1),
(2087, 3, 2, 6, 2),
(2088, 3, 2, 6, 3),
(2089, 3, 2, 6, 4),
(2090, 3, 2, 6, 5),
(2091, 3, 2, 6, 6),
(2092, 3, 2, 6, 7),
(2093, 3, 2, 6, 8),
(2094, 3, 2, 6, 9),
(2095, 3, 2, 6, 10),
(2096, 3, 2, 6, 11),
(2097, 3, 2, 6, 12),
(2098, 3, 2, 6, 13),
(2099, 3, 2, 6, 14),
(2100, 3, 2, 7, 1),
(2101, 3, 2, 7, 2),
(2102, 3, 2, 7, 3),
(2103, 3, 2, 7, 4),
(2104, 3, 2, 7, 5),
(2105, 3, 2, 7, 6),
(2106, 3, 2, 7, 7),
(2107, 3, 2, 7, 8),
(2108, 3, 2, 7, 9),
(2109, 3, 2, 7, 10),
(2110, 3, 2, 7, 11),
(2111, 3, 2, 7, 12),
(2112, 3, 2, 7, 13),
(2113, 3, 2, 7, 14),
(2114, 3, 2, 8, 1),
(2115, 3, 2, 8, 2),
(2116, 3, 2, 8, 3),
(2117, 3, 2, 8, 4),
(2118, 3, 2, 8, 5),
(2119, 3, 2, 8, 6),
(2120, 3, 2, 8, 7),
(2121, 3, 2, 8, 8),
(2122, 3, 2, 8, 9),
(2123, 3, 2, 8, 10),
(2124, 3, 2, 8, 11),
(2125, 3, 2, 8, 12),
(2126, 3, 2, 8, 13),
(2127, 3, 2, 8, 14),
(2128, 3, 2, 9, 1),
(2129, 3, 2, 9, 2),
(2130, 3, 2, 9, 3),
(2131, 3, 2, 9, 4),
(2132, 3, 2, 9, 5),
(2133, 3, 2, 9, 6),
(2134, 3, 2, 9, 7),
(2135, 3, 2, 9, 8),
(2136, 3, 2, 9, 9),
(2137, 3, 2, 9, 10),
(2138, 3, 2, 9, 11),
(2139, 3, 2, 9, 12),
(2140, 3, 2, 9, 13),
(2141, 3, 2, 9, 14),
(2142, 4, 2, 1, 1),
(2143, 4, 2, 1, 2),
(2144, 4, 2, 1, 3),
(2145, 4, 2, 1, 4),
(2146, 4, 2, 1, 5),
(2147, 4, 2, 1, 6),
(2148, 4, 2, 1, 7),
(2149, 4, 2, 1, 8),
(2150, 4, 2, 1, 9),
(2151, 4, 2, 1, 10),
(2152, 4, 2, 1, 11),
(2153, 4, 2, 1, 12),
(2154, 4, 2, 1, 13),
(2155, 4, 2, 1, 14),
(2156, 4, 2, 2, 1),
(2157, 4, 2, 2, 2),
(2158, 4, 2, 2, 3),
(2159, 4, 2, 2, 4),
(2160, 4, 2, 2, 5),
(2161, 4, 2, 2, 6),
(2162, 4, 2, 2, 7),
(2163, 4, 2, 2, 8),
(2164, 4, 2, 2, 9),
(2165, 4, 2, 2, 10),
(2166, 4, 2, 2, 11),
(2167, 4, 2, 2, 12),
(2168, 4, 2, 2, 13),
(2169, 4, 2, 2, 14),
(2170, 4, 2, 3, 1),
(2171, 4, 2, 3, 2),
(2172, 4, 2, 3, 3),
(2173, 4, 2, 3, 4),
(2174, 4, 2, 3, 5),
(2175, 4, 2, 3, 6),
(2176, 4, 2, 3, 7),
(2177, 4, 2, 3, 8),
(2178, 4, 2, 3, 9),
(2179, 4, 2, 3, 10),
(2180, 4, 2, 3, 11),
(2181, 4, 2, 3, 12),
(2182, 4, 2, 3, 13),
(2183, 4, 2, 3, 14),
(2184, 4, 2, 4, 1),
(2185, 4, 2, 4, 2),
(2186, 4, 2, 4, 3),
(2187, 4, 2, 4, 4),
(2188, 4, 2, 4, 5),
(2189, 4, 2, 4, 6),
(2190, 4, 2, 4, 7),
(2191, 4, 2, 4, 8),
(2192, 4, 2, 4, 9),
(2193, 4, 2, 4, 10),
(2194, 4, 2, 4, 11),
(2195, 4, 2, 4, 12),
(2196, 4, 2, 4, 13),
(2197, 4, 2, 4, 14),
(2198, 4, 2, 5, 1),
(2199, 4, 2, 5, 2),
(2200, 4, 2, 5, 3),
(2201, 4, 2, 5, 4),
(2202, 4, 2, 5, 5),
(2203, 4, 2, 5, 6),
(2204, 4, 2, 5, 7),
(2205, 4, 2, 5, 8),
(2206, 4, 2, 5, 9),
(2207, 4, 2, 5, 10),
(2208, 4, 2, 5, 11),
(2209, 4, 2, 5, 12),
(2210, 4, 2, 5, 13),
(2211, 4, 2, 5, 14),
(2212, 4, 2, 6, 1),
(2213, 4, 2, 6, 2),
(2214, 4, 2, 6, 3),
(2215, 4, 2, 6, 4),
(2216, 4, 2, 6, 5),
(2217, 4, 2, 6, 6),
(2218, 4, 2, 6, 7),
(2219, 4, 2, 6, 8),
(2220, 4, 2, 6, 9),
(2221, 4, 2, 6, 10),
(2222, 4, 2, 6, 11),
(2223, 4, 2, 6, 12),
(2224, 4, 2, 6, 13),
(2225, 4, 2, 6, 14),
(2226, 4, 2, 7, 1),
(2227, 4, 2, 7, 2),
(2228, 4, 2, 7, 3),
(2229, 4, 2, 7, 4),
(2230, 4, 2, 7, 5),
(2231, 4, 2, 7, 6),
(2232, 4, 2, 7, 7),
(2233, 4, 2, 7, 8),
(2234, 4, 2, 7, 9),
(2235, 4, 2, 7, 10),
(2236, 4, 2, 7, 11),
(2237, 4, 2, 7, 12),
(2238, 4, 2, 7, 13),
(2239, 4, 2, 7, 14),
(2240, 4, 2, 8, 1),
(2241, 4, 2, 8, 2),
(2242, 4, 2, 8, 3),
(2243, 4, 2, 8, 4),
(2244, 4, 2, 8, 5),
(2245, 4, 2, 8, 6),
(2246, 4, 2, 8, 7),
(2247, 4, 2, 8, 8),
(2248, 4, 2, 8, 9),
(2249, 4, 2, 8, 10),
(2250, 4, 2, 8, 11),
(2251, 4, 2, 8, 12),
(2252, 4, 2, 8, 13),
(2253, 4, 2, 8, 14),
(2254, 4, 2, 9, 1),
(2255, 4, 2, 9, 2),
(2256, 4, 2, 9, 3),
(2257, 4, 2, 9, 4),
(2258, 4, 2, 9, 5),
(2259, 4, 2, 9, 6),
(2260, 4, 2, 9, 7),
(2261, 4, 2, 9, 8),
(2262, 4, 2, 9, 9),
(2263, 4, 2, 9, 10),
(2264, 4, 2, 9, 11),
(2265, 4, 2, 9, 12),
(2266, 4, 2, 9, 13),
(2267, 4, 2, 9, 14),
(2268, 5, 7, 1, 1),
(2269, 5, 7, 1, 2),
(2270, 5, 7, 1, 3),
(2271, 5, 7, 1, 4),
(2272, 5, 7, 2, 1),
(2273, 5, 7, 2, 2),
(2274, 5, 7, 2, 3),
(2275, 5, 7, 2, 4),
(2276, 5, 7, 3, 1),
(2277, 5, 7, 3, 2),
(2278, 5, 7, 3, 3),
(2279, 5, 7, 3, 4),
(2280, 5, 7, 4, 1),
(2281, 5, 7, 4, 2),
(2282, 5, 7, 4, 3),
(2283, 5, 7, 4, 4);

INSERT INTO `orders` (`id`, `screening`, `seat`) VALUES
(1, 30, 2195),
(2, 22, 1617),
(3, 20, 1668),
(4, 50, 2075),
(5, 26, 2051),
(6, 57, 2268),
(7, 55, 2281),
(8, 59, 2031),
(9, 10, 2272),
(10, 37, 2179),
(11, 56, 2271),
(12, 58, 2055),
(13, 46, 2087),
(14, 24, 2107),
(15, 16, 1945),
(16, 25, 2064),
(17, 52, 2276),
(18, 54, 2275),
(19, 64, 2026),
(20, 59, 2133),
(21, 52, 2282),
(22, 5, 1182),
(23, 26, 2041),
(24, 14, 2274),
(25, 4, 1363),
(26, 51, 2273),
(27, 11, 2277),
(28, 62, 2124),
(29, 1, 1084),
(30, 50, 2058),
(31, 20, 1596),
(32, 58, 2060),
(33, 55, 2269),
(34, 32, 2189),
(35, 44, 2076),
(36, 62, 2018),
(37, 29, 2063),
(38, 55, 2274),
(39, 37, 2162),
(40, 61, 2100),
(41, 42, 2240),
(42, 35, 2154),
(43, 47, 2042),
(44, 48, 2122),
(45, 58, 2130),
(46, 32, 2218),
(47, 40, 2235),
(48, 44, 2052),
(49, 51, 2275),
(50, 2, 1245),
(51, 52, 2271),
(52, 49, 2031),
(53, 4, 1337),
(54, 8, 1219),
(55, 20, 1637),
(56, 60, 2110),
(57, 9, 2269),
(58, 58, 2116),
(59, 62, 2081),
(60, 64, 2022),
(61, 10, 2269),
(62, 15, 2276),
(63, 17, 1615),
(64, 35, 2235),
(65, 53, 2282),
(66, 58, 2115),
(67, 17, 1692),
(68, 16, 1846),
(69, 30, 2246),
(70, 13, 2274),
(71, 42, 2158),
(72, 56, 2278),
(73, 40, 2156),
(74, 29, 2033),
(75, 43, 2145),
(76, 54, 2277),
(77, 15, 2281),
(78, 19, 1792),
(79, 27, 2041),
(80, 60, 2016),
(81, 10, 2283),
(82, 23, 2067),
(83, 39, 2201),
(84, 10, 2279),
(85, 29, 2124),
(86, 26, 2120),
(87, 33, 2246),
(88, 18, 1709),
(89, 37, 2169),
(90, 13, 2276),
(91, 5, 1301),
(92, 46, 2058),
(93, 23, 2091),
(94, 15, 2282),
(95, 18, 1781),
(96, 64, 2082),
(97, 55, 2281),
(98, 24, 2020),
(99, 22, 1996),
(100, 37, 2223),
(101, 2, 1352),
(102, 60, 2111),
(103, 56, 2279),
(104, 31, 2167),
(105, 7, 1433),
(106, 13, 2280),
(107, 8, 1145),
(108, 1, 1501),
(109, 1, 1456),
(110, 64, 2122),
(111, 35, 2172),
(112, 60, 2060),
(113, 54, 2283),
(114, 23, 2096),
(115, 18, 1948),
(116, 16, 1717),
(117, 50, 2075),
(118, 43, 2226),
(119, 38, 2231),
(120, 58, 2134),
(121, 59, 2058),
(122, 43, 2196),
(123, 17, 1733),
(124, 58, 2120),
(125, 27, 2028),
(126, 59, 2025),
(127, 38, 2248),
(128, 37, 2257),
(129, 48, 2141),
(130, 44, 2112),
(131, 19, 1814),
(132, 34, 2159),
(133, 59, 2077),
(134, 15, 2268),
(135, 13, 2277),
(136, 17, 1738),
(137, 12, 2268),
(138, 4, 1298),
(139, 21, 2010),
(140, 46, 2086),
(141, 37, 2167),
(142, 37, 2265),
(143, 54, 2269),
(144, 32, 2148),
(145, 64, 2041),
(146, 22, 1863),
(147, 9, 2279),
(148, 26, 2038),
(149, 24, 2016),
(150, 21, 1807),
(151, 40, 2218),
(152, 59, 2119),
(153, 29, 2071),
(154, 32, 2192),
(155, 47, 2059),
(156, 29, 2110),
(157, 22, 1855),
(158, 50, 2052),
(159, 54, 2268),
(160, 45, 2033),
(161, 62, 2037),
(162, 55, 2283),
(163, 30, 2255),
(164, 36, 2179),
(165, 53, 2272),
(166, 39, 2266),
(167, 5, 1416),
(168, 20, 1623),
(169, 38, 2219),
(170, 34, 2190),
(171, 1, 1268),
(172, 44, 2071),
(173, 26, 2095),
(174, 34, 2228),
(175, 11, 2272),
(176, 35, 2257),
(177, 3, 1541),
(178, 4, 1190),
(179, 25, 2123),
(180, 29, 2103),
(181, 41, 2242),
(182, 13, 2275),
(183, 5, 1359),
(184, 46, 2021),
(185, 18, 1776),
(186, 22, 1935),
(187, 20, 1689),
(188, 39, 2215),
(189, 22, 1786),
(190, 25, 2096),
(191, 16, 1957),
(192, 44, 2063),
(193, 33, 2175),
(194, 56, 2282),
(195, 5, 1225),
(196, 12, 2281),
(197, 33, 2180),
(198, 2, 1354),
(199, 34, 2146),
(200, 6, 1501),
(201, 21, 2006),
(202, 63, 2112),
(203, 2, 1274),
(204, 37, 2251),
(205, 15, 2273),
(206, 42, 2183),
(207, 18, 1932),
(208, 58, 2129),
(209, 61, 2037),
(210, 13, 2275),
(211, 4, 1173),
(212, 46, 2019),
(213, 51, 2275),
(214, 17, 2009),
(215, 55, 2268),
(216, 32, 2161),
(217, 33, 2211),
(218, 22, 1764),
(219, 39, 2177),
(220, 4, 1227),
(221, 62, 2113),
(222, 11, 2271),
(223, 49, 2053),
(224, 60, 2112),
(225, 30, 2155),
(226, 10, 2283),
(227, 51, 2281),
(228, 13, 2274),
(229, 54, 2278),
(230, 3, 1459),
(231, 19, 1563),
(232, 51, 2272),
(233, 63, 2032),
(234, 38, 2206),
(235, 57, 2278),
(236, 43, 2156),
(237, 14, 2280),
(238, 33, 2179),
(239, 22, 1705),
(240, 2, 1188),
(241, 17, 1795),
(242, 45, 2094),
(243, 43, 2200),
(244, 16, 1594),
(245, 1, 1272),
(246, 36, 2170),
(247, 2, 1139),
(248, 12, 2269),
(249, 60, 2109),
(250, 45, 2121),
(251, 19, 1971),
(252, 36, 2169),
(253, 3, 1323),
(254, 53, 2268),
(255, 6, 1125),
(256, 42, 2166),
(257, 50, 2088),
(258, 36, 2201),
(259, 45, 2085),
(260, 50, 2054),
(261, 60, 2109),
(262, 27, 2135),
(263, 16, 1988),
(264, 36, 2189),
(265, 44, 2049),
(266, 55, 2269),
(267, 42, 2192),
(268, 44, 2119),
(269, 18, 1914),
(270, 9, 2273),
(271, 60, 2077),
(272, 26, 2093),
(273, 58, 2137),
(274, 7, 1245),
(275, 21, 1919),
(276, 19, 1940),
(277, 19, 1929),
(278, 24, 2056),
(279, 54, 2270),
(280, 60, 2096),
(281, 58, 2072),
(282, 40, 2233),
(283, 53, 2270),
(284, 31, 2219),
(285, 28, 2073),
(286, 36, 2167),
(287, 24, 2081),
(288, 9, 2279),
(289, 13, 2274),
(290, 4, 1186),
(291, 54, 2271),
(292, 53, 2274),
(293, 31, 2227),
(294, 46, 2083),
(295, 15, 2270),
(296, 45, 2043),
(297, 37, 2265),
(298, 37, 2196),
(299, 37, 2228),
(300, 16, 2003),
(301, 12, 2270),
(302, 37, 2201),
(303, 37, 2256),
(304, 3, 1497),
(305, 4, 1467),
(306, 15, 2271),
(307, 31, 2215),
(308, 59, 2087),
(309, 5, 1146),
(310, 62, 2093),
(311, 11, 2276),
(312, 13, 2270),
(313, 10, 2281),
(314, 45, 2103),
(315, 17, 1850),
(316, 40, 2250),
(317, 10, 2270),
(318, 43, 2250),
(319, 51, 2269),
(320, 18, 1938),
(321, 10, 2279),
(322, 43, 2235),
(323, 36, 2233),
(324, 29, 2122),
(325, 55, 2269),
(326, 51, 2279),
(327, 60, 2038),
(328, 39, 2152),
(329, 47, 2076),
(330, 17, 1669),
(331, 16, 1779),
(332, 43, 2238),
(333, 8, 1257),
(334, 61, 2119),
(335, 32, 2241),
(336, 48, 2021),
(337, 25, 2055),
(338, 38, 2246),
(339, 51, 2277),
(340, 59, 2060),
(341, 51, 2268),
(342, 53, 2273),
(343, 33, 2195),
(344, 44, 2053),
(345, 52, 2281),
(346, 44, 2115),
(347, 10, 2268),
(348, 53, 2274),
(349, 56, 2275),
(350, 47, 2032),
(351, 16, 1653),
(352, 4, 1094),
(353, 38, 2145),
(354, 7, 1155),
(355, 21, 1785),
(356, 55, 2268),
(357, 18, 1568),
(358, 35, 2155),
(359, 56, 2280),
(360, 64, 2121),
(361, 6, 1110),
(362, 33, 2210),
(363, 43, 2166),
(364, 38, 2210),
(365, 32, 2186),
(366, 23, 2070),
(367, 27, 2116),
(368, 55, 2269),
(369, 13, 2273),
(370, 43, 2146),
(371, 14, 2280),
(372, 21, 1702),
(373, 17, 1803),
(374, 44, 2135),
(375, 64, 2026),
(376, 15, 2273),
(377, 14, 2272),
(378, 32, 2257),
(379, 15, 2283),
(380, 47, 2071),
(381, 30, 2181),
(382, 21, 1870),
(383, 25, 2121),
(384, 27, 2078),
(385, 58, 2119),
(386, 41, 2213),
(387, 9, 2268),
(388, 57, 2279),
(389, 32, 2176),
(390, 14, 2278),
(391, 31, 2260),
(392, 13, 2281),
(393, 45, 2056),
(394, 51, 2283),
(395, 29, 2048),
(396, 11, 2273),
(397, 38, 2143),
(398, 1, 1086),
(399, 47, 2036),
(400, 8, 1484),
(401, 5, 1383),
(402, 23, 2101),
(403, 41, 2236),
(404, 13, 2277),
(405, 15, 2271),
(406, 60, 2044),
(407, 64, 2025),
(408, 39, 2244),
(409, 35, 2259),
(410, 6, 1324),
(411, 44, 2123),
(412, 57, 2271),
(413, 33, 2184),
(414, 17, 1965),
(415, 28, 2125),
(416, 7, 1362),
(417, 18, 1687),
(418, 37, 2185),
(419, 38, 2209),
(420, 34, 2197),
(421, 42, 2181),
(422, 35, 2259),
(423, 55, 2281),
(424, 56, 2268),
(425, 36, 2180),
(426, 18, 1937),
(427, 27, 2095),
(428, 28, 2049),
(429, 52, 2271),
(430, 30, 2225),
(431, 25, 2099),
(432, 55, 2279),
(433, 63, 2037),
(434, 2, 1177),
(435, 62, 2108),
(436, 43, 2190),
(437, 34, 2159),
(438, 34, 2239),
(439, 18, 1795),
(440, 64, 2114),
(441, 57, 2278),
(442, 42, 2148),
(443, 40, 2168),
(444, 49, 2074),
(445, 7, 1463),
(446, 2, 1537),
(447, 12, 2281),
(448, 40, 2224),
(449, 11, 2271),
(450, 50, 2135),
(451, 46, 2138),
(452, 30, 2193),
(453, 53, 2276),
(454, 29, 2138),
(455, 58, 2140),
(456, 3, 1120),
(457, 54, 2277),
(458, 25, 2018),
(459, 56, 2281),
(460, 42, 2180),
(461, 40, 2242),
(462, 31, 2168),
(463, 33, 2171),
(464, 46, 2114),
(465, 57, 2276),
(466, 21, 1929),
(467, 37, 2238),
(468, 23, 2037),
(469, 23, 2108),
(470, 38, 2196),
(471, 50, 2051),
(472, 8, 1504),
(473, 41, 2250),
(474, 60, 2088),
(475, 10, 2282),
(476, 48, 2056),
(477, 39, 2188),
(478, 34, 2201),
(479, 18, 1617),
(480, 26, 2025),
(481, 41, 2160),
(482, 48, 2106),
(483, 56, 2278),
(484, 39, 2204),
(485, 8, 1385),
(486, 27, 2049),
(487, 10, 2278),
(488, 39, 2145),
(489, 36, 2256),
(490, 39, 2252),
(491, 36, 2211),
(492, 50, 2118),
(493, 23, 2082),
(494, 37, 2154),
(495, 61, 2121),
(496, 50, 2037),
(497, 34, 2171),
(498, 11, 2271),
(499, 48, 2101),
(500, 12, 2268),
(501, 40, 2149),
(502, 37, 2143),
(503, 28, 2050),
(504, 46, 2039),
(505, 35, 2246),
(506, 23, 2105),
(507, 51, 2273),
(508, 64, 2071),
(509, 41, 2146),
(510, 18, 1782),
(511, 37, 2185),
(512, 57, 2269),
(513, 44, 2099),
(514, 44, 2080),
(515, 56, 2278),
(516, 33, 2191),
(517, 60, 2067),
(518, 62, 2035),
(519, 6, 1085),
(520, 27, 2049),
(521, 27, 2126),
(522, 62, 2138),
(523, 53, 2274),
(524, 12, 2283),
(525, 39, 2246),
(526, 23, 2049),
(527, 61, 2075),
(528, 13, 2278),
(529, 6, 1370),
(530, 64, 2081),
(531, 63, 2036),
(532, 4, 1318),
(533, 35, 2154),
(534, 59, 2117),
(535, 16, 1721),
(536, 22, 1656),
(537, 5, 1468),
(538, 15, 2277),
(539, 26, 2130),
(540, 35, 2251),
(541, 19, 1889),
(542, 3, 1435),
(543, 7, 1316),
(544, 60, 2018),
(545, 35, 2166),
(546, 59, 2034),
(547, 9, 2270),
(548, 45, 2125),
(549, 37, 2225),
(550, 21, 1729),
(551, 59, 2055),
(552, 45, 2040),
(553, 40, 2161),
(554, 48, 2044),
(555, 42, 2181),
(556, 36, 2195),
(557, 17, 1749),
(558, 47, 2114),
(559, 16, 1869),
(560, 28, 2034),
(561, 23, 2033),
(562, 8, 1381),
(563, 7, 1507),
(564, 57, 2270),
(565, 34, 2155),
(566, 59, 2098),
(567, 2, 1466),
(568, 43, 2160),
(569, 28, 2030),
(570, 42, 2181),
(571, 13, 2280),
(572, 55, 2282),
(573, 2, 1317),
(574, 34, 2215),
(575, 12, 2276),
(576, 39, 2152),
(577, 62, 2083),
(578, 3, 1099),
(579, 39, 2181),
(580, 27, 2141),
(581, 29, 2021),
(582, 3, 1361),
(583, 35, 2251),
(584, 18, 1989),
(585, 14, 2282),
(586, 21, 1836),
(587, 51, 2274),
(588, 47, 2088),
(589, 53, 2283),
(590, 8, 1358),
(591, 5, 1211),
(592, 52, 2270),
(593, 41, 2170),
(594, 52, 2279),
(595, 35, 2176),
(596, 44, 2024),
(597, 39, 2217),
(598, 24, 2122),
(599, 44, 2055),
(600, 33, 2206),
(601, 8, 1526),
(602, 17, 1760),
(603, 18, 1902),
(604, 60, 2030),
(605, 25, 2048),
(606, 58, 2119),
(607, 44, 2049),
(608, 9, 2276),
(609, 17, 1572),
(610, 48, 2091),
(611, 13, 2283),
(612, 10, 2278),
(613, 46, 2033),
(614, 47, 2089),
(615, 22, 1588),
(616, 64, 2122),
(617, 37, 2197),
(618, 55, 2270),
(619, 8, 1127),
(620, 29, 2055),
(621, 40, 2206),
(622, 58, 2021),
(623, 39, 2155),
(624, 64, 2040),
(625, 42, 2197),
(626, 4, 1174),
(627, 45, 2068),
(628, 42, 2262),
(629, 54, 2275),
(630, 38, 2177),
(631, 2, 1446),
(632, 4, 1103),
(633, 3, 1336),
(634, 53, 2282),
(635, 28, 2020),
(636, 43, 2210),
(637, 33, 2178),
(638, 22, 1956),
(639, 45, 2044),
(640, 22, 1815),
(641, 62, 2097),
(642, 58, 2129),
(643, 46, 2073),
(644, 45, 2097),
(645, 26, 2053),
(646, 22, 1694),
(647, 48, 2133),
(648, 1, 1321),
(649, 36, 2192),
(650, 11, 2280),
(651, 29, 2114),
(652, 39, 2254),
(653, 40, 2145),
(654, 18, 2013),
(655, 28, 2120),
(656, 49, 2029),
(657, 45, 2099),
(658, 21, 1754),
(659, 10, 2283),
(660, 26, 2036),
(661, 9, 2283),
(662, 38, 2214),
(663, 28, 2141),
(664, 45, 2117),
(665, 20, 1637),
(666, 23, 2136),
(667, 37, 2214),
(668, 54, 2271),
(669, 41, 2162),
(670, 4, 1261),
(671, 19, 1762),
(672, 59, 2125),
(673, 32, 2152),
(674, 14, 2277),
(675, 19, 2003),
(676, 58, 2081),
(677, 36, 2221),
(678, 9, 2277),
(679, 13, 2276),
(680, 51, 2281),
(681, 27, 2044),
(682, 50, 2055),
(683, 61, 2090),
(684, 7, 1244),
(685, 30, 2172),
(686, 41, 2223),
(687, 33, 2162),
(688, 12, 2271),
(689, 9, 2278),
(690, 60, 2109),
(691, 31, 2209),
(692, 49, 2110),
(693, 51, 2271),
(694, 5, 1395),
(695, 13, 2270),
(696, 13, 2271),
(697, 32, 2177),
(698, 8, 1327),
(699, 43, 2143),
(700, 39, 2145),
(701, 15, 2281),
(702, 42, 2233),
(703, 55, 2274),
(704, 26, 2133),
(705, 51, 2283),
(706, 8, 1271),
(707, 29, 2101),
(708, 22, 1768),
(709, 57, 2281),
(710, 55, 2277),
(711, 4, 1402),
(712, 34, 2179),
(713, 27, 2062),
(714, 28, 2132),
(715, 48, 2047),
(716, 5, 1260),
(717, 33, 2170),
(718, 48, 2136),
(719, 59, 2020),
(720, 25, 2095),
(721, 24, 2090),
(722, 26, 2077),
(723, 12, 2276),
(724, 9, 2269),
(725, 21, 1980),
(726, 7, 1193),
(727, 48, 2074),
(728, 6, 1476),
(729, 1, 1386),
(730, 7, 1451),
(731, 56, 2275),
(732, 29, 2022),
(733, 46, 2116),
(734, 53, 2268),
(735, 35, 2195),
(736, 42, 2188),
(737, 53, 2271),
(738, 25, 2085),
(739, 13, 2278),
(740, 22, 1557),
(741, 6, 1232),
(742, 47, 2132),
(743, 19, 1589),
(744, 43, 2193),
(745, 8, 1259),
(746, 17, 1735),
(747, 48, 2126),
(748, 27, 2093),
(749, 12, 2281),
(750, 45, 2095),
(751, 21, 1718),
(752, 22, 1973),
(753, 29, 2100),
(754, 14, 2274),
(755, 43, 2158),
(756, 27, 2066),
(757, 7, 1349),
(758, 62, 2100),
(759, 47, 2088),
(760, 24, 2073),
(761, 17, 1734),
(762, 27, 2128),
(763, 31, 2255),
(764, 63, 2116),
(765, 52, 2272),
(766, 47, 2073),
(767, 23, 2049),
(768, 55, 2269),
(769, 5, 1201),
(770, 30, 2253),
(771, 53, 2280),
(772, 5, 1446),
(773, 14, 2276),
(774, 7, 1096),
(775, 46, 2067),
(776, 27, 2070),
(777, 47, 2067),
(778, 59, 2054),
(779, 34, 2167),
(780, 57, 2281),
(781, 31, 2178),
(782, 63, 2114),
(783, 29, 2139),
(784, 37, 2215),
(785, 5, 1195),
(786, 22, 1594),
(787, 12, 2275),
(788, 20, 1567),
(789, 35, 2173),
(790, 4, 1304),
(791, 41, 2204),
(792, 3, 1443),
(793, 53, 2280),
(794, 53, 2268),
(795, 58, 2066),
(796, 38, 2173),
(797, 44, 2106),
(798, 25, 2098),
(799, 21, 1795),
(800, 5, 1343),
(801, 49, 2124),
(802, 32, 2267),
(803, 49, 2058),
(804, 42, 2196),
(805, 56, 2276),
(806, 30, 2156),
(807, 24, 2068),
(808, 23, 2103),
(809, 45, 2104),
(810, 64, 2104),
(811, 59, 2044),
(812, 20, 1772),
(813, 9, 2270),
(814, 7, 1273),
(815, 50, 2046),
(816, 19, 1762),
(817, 3, 1092),
(818, 63, 2136),
(819, 47, 2095),
(820, 38, 2142),
(821, 60, 2079),
(822, 35, 2224),
(823, 6, 1230),
(824, 61, 2039),
(825, 8, 1080),
(826, 13, 2273),
(827, 3, 1266),
(828, 22, 1564),
(829, 15, 2274),
(830, 50, 2086),
(831, 24, 2076),
(832, 46, 2050),
(833, 24, 2103),
(834, 40, 2170),
(835, 28, 2130),
(836, 44, 2038),
(837, 25, 2027),
(838, 40, 2200),
(839, 45, 2060),
(840, 42, 2252),
(841, 51, 2274),
(842, 41, 2203),
(843, 51, 2272),
(844, 58, 2058),
(845, 44, 2086),
(846, 41, 2202),
(847, 58, 2035),
(848, 41, 2216),
(849, 50, 2110),
(850, 48, 2056),
(851, 15, 2277),
(852, 61, 2020),
(853, 19, 2003),
(854, 35, 2168),
(855, 15, 2281),
(856, 3, 1468),
(857, 37, 2177),
(858, 48, 2128),
(859, 48, 2040),
(860, 3, 1240),
(861, 62, 2137),
(862, 24, 2133),
(863, 62, 2108),
(864, 49, 2121),
(865, 46, 2121),
(866, 1, 1426),
(867, 6, 1259),
(868, 63, 2052),
(869, 17, 1752),
(870, 29, 2085),
(871, 59, 2036),
(872, 57, 2281),
(873, 10, 2283),
(874, 4, 1264),
(875, 5, 1333),
(876, 62, 2107),
(877, 29, 2079),
(878, 24, 2072),
(879, 50, 2129),
(880, 5, 1506),
(881, 26, 2082),
(882, 46, 2140),
(883, 29, 2117),
(884, 40, 2223),
(885, 48, 2039),
(886, 5, 1104),
(887, 54, 2268),
(888, 58, 2057),
(889, 54, 2276),
(890, 33, 2218),
(891, 9, 2272),
(892, 23, 2086),
(893, 60, 2122),
(894, 29, 2061),
(895, 53, 2273),
(896, 48, 2115),
(897, 44, 2048),
(898, 60, 2088),
(899, 11, 2274),
(900, 4, 1437),
(901, 2, 1423),
(902, 41, 2150),
(903, 16, 1895),
(904, 61, 2047),
(905, 38, 2181),
(906, 30, 2173),
(907, 60, 2046),
(908, 33, 2256),
(909, 43, 2182),
(910, 41, 2261),
(911, 10, 2276),
(912, 29, 2043),
(913, 61, 2089),
(914, 59, 2138),
(915, 60, 2071),
(916, 59, 2026),
(917, 38, 2214),
(918, 37, 2181),
(919, 25, 2133),
(920, 43, 2239),
(921, 64, 2036),
(922, 43, 2168),
(923, 54, 2277),
(924, 59, 2069),
(925, 7, 1362),
(926, 18, 1793),
(927, 12, 2271),
(928, 30, 2197),
(929, 14, 2283),
(930, 27, 2078),
(931, 2, 1386),
(932, 19, 1981),
(933, 6, 1196),
(934, 62, 2137),
(935, 47, 2056),
(936, 40, 2168),
(937, 64, 2087),
(938, 20, 1632),
(939, 52, 2283),
(940, 16, 1548),
(941, 42, 2159),
(942, 32, 2213),
(943, 63, 2072),
(944, 5, 1275),
(945, 25, 2081),
(946, 2, 1389),
(947, 35, 2154),
(948, 40, 2209),
(949, 64, 2031),
(950, 20, 1571),
(951, 19, 1575),
(952, 3, 1137),
(953, 24, 2030),
(954, 5, 1217),
(955, 46, 2073),
(956, 41, 2221),
(957, 31, 2168),
(958, 11, 2282),
(959, 54, 2268),
(960, 45, 2028),
(961, 3, 1111),
(962, 1, 1241),
(963, 36, 2243),
(964, 56, 2271),
(965, 28, 2131),
(966, 19, 1721),
(967, 37, 2199),
(968, 19, 1701),
(969, 10, 2274),
(970, 47, 2067),
(971, 22, 1967),
(972, 57, 2277),
(973, 44, 2049),
(974, 46, 2096),
(975, 25, 2044),
(976, 36, 2240),
(977, 25, 2140),
(978, 64, 2035),
(979, 34, 2176),
(980, 43, 2142),
(981, 57, 2278),
(982, 20, 1954),
(983, 42, 2262),
(984, 50, 2019),
(985, 6, 1160),
(986, 61, 2118),
(987, 57, 2276),
(988, 23, 2068),
(989, 22, 1810),
(990, 12, 2273),
(991, 36, 2183),
(992, 19, 1642),
(993, 45, 2016),
(994, 16, 1921),
(995, 24, 2141),
(996, 64, 2085),
(997, 60, 2058),
(998, 47, 2106),
(999, 7, 1149),
(1000, 17, 1907);