
INSERT INTO `halls` (`id`, `title`) VALUES
(1, 'Большой зал IMAX'),
(2, 'Большой зал 2D'),
(3, 'Малый зал 1 2D'),
(4, 'Малый зал 2 2D'),
(5, 'Зал VIP 2D');

INSERT INTO `movies` (`id`, `title`) VALUES
(1, 'The Shawshank Redemption'),
(2, 'The Godfather'),
(3, 'The Godfather: Part II'),
(4, 'The Dark Knight'),
(5, '12 Angry Men');

INSERT INTO `price_ranges` (`id`, `title`) VALUES
(1, 'Утро (рабочие дни)'),
(2, 'День (рабочие дни)'),
(3, 'Вечер (рабочие дни)'),
(4, 'Ночь (рабочие дни)'),
(5, 'Утро (выходные дни)'),
(6, 'День (выходные дни)'),
(7, 'Вечер (выходные дни)'),
(8, 'Ночь (выходные дни)');

INSERT INTO `price_types` (`id`, `title`) VALUES
(1, 'Эконом 2D'),
(2, 'Стандарт 2D'),
(3, 'Премиум 2D'),
(4, 'Эконом IMAX'),
(5, 'Стандарт IMAX'),
(6, 'Премиум IMAX'),
(7, 'Премиум VIP');

INSERT INTO `price_types_price_ranges` (`id`, `type`, `range`, `value`) VALUES
(1, 1, 1, 200),
(2, 1, 2, 250),
(3, 1, 3, 400),
(4, 1, 4, 300),
(5, 1, 5, 250),
(6, 1, 5, 350),
(7, 1, 7, 400),
(8, 1, 8, 300),

(9, 2, 1, 300),
(10, 2, 2, 350),
(11, 2, 3, 500),
(12, 2, 4, 400),
(13, 2, 5, 350),
(14, 2, 6, 450),
(15, 2, 7, 500),
(16, 2, 8, 400),

(17, 3, 1, 400),
(18, 3, 2, 450),
(19, 3, 3, 600),
(20, 3, 4, 500),
(21, 3, 5, 460),
(22, 3, 6, 560),
(23, 3, 7, 630),
(24, 3, 8, 510),

(25, 4, 1, 400),
(26, 4, 2, 450),
(27, 4, 3, 600),
(28, 4, 4, 500),
(29, 4, 5, 460),
(30, 4, 6, 560),
(31, 4, 7, 630),
(32, 4, 8, 510),

(33, 5, 1, 420),
(34, 5, 2, 480),
(35, 5, 3, 720),
(36, 5, 4, 720),
(37, 5, 5, 460),
(38, 5, 6, 520),
(39, 5, 7, 800),
(40, 5, 8, 800),

(41, 6, 1, 520),
(42, 6, 2, 580),
(43, 6, 3, 820),
(44, 6, 4, 820),
(45, 6, 5, 560),
(46, 6, 6, 620),
(47, 6, 7, 900),
(48, 6, 8, 900),

(49, 7, 1, 520),
(50, 7, 2, 580),
(51, 7, 3, 820),
(52, 7, 4, 820),
(53, 7, 5, 560),
(54, 7, 6, 620),
(55, 7, 7, 900),
(56, 7, 8, 900);

INSERT INTO `seats` (`id`, `hall`, `type`, `row`, `number`) VALUES
(1080, 1, 4, 1, 1),
(1081, 1, 4, 1, 2),
(1082, 1, 4, 1, 3),
(1083, 1, 4, 1, 4),
(1084, 1, 4, 1, 5),
(1085, 1, 4, 1, 6),
(1086, 1, 4, 1, 7),
(1087, 1, 4, 1, 8),
(1088, 1, 4, 1, 9),
(1089, 1, 4, 1, 10),
(1090, 1, 4, 1, 11),
(1091, 1, 4, 1, 12),
(1092, 1, 4, 1, 13),
(1093, 1, 4, 1, 14),
(1094, 1, 4, 1, 15),
(1095, 1, 4, 1, 16),
(1096, 1, 4, 1, 17),
(1097, 1, 4, 1, 18),
(1098, 1, 4, 1, 19),
(1099, 1, 4, 1, 20),
(1100, 1, 4, 1, 21),
(1101, 1, 4, 1, 22),
(1102, 1, 4, 1, 23),
(1103, 1, 4, 1, 24),
(1104, 1, 4, 1, 25),
(1105, 1, 4, 1, 26),
(1106, 1, 4, 2, 1),
(1107, 1, 4, 2, 2),
(1108, 1, 4, 2, 3),
(1109, 1, 4, 2, 4),
(1110, 1, 4, 2, 5),
(1111, 1, 4, 2, 6),
(1112, 1, 4, 2, 7),
(1113, 1, 4, 2, 8),
(1114, 1, 4, 2, 9),
(1115, 1, 4, 2, 10),
(1116, 1, 4, 2, 11),
(1117, 1, 4, 2, 12),
(1118, 1, 4, 2, 13),
(1119, 1, 4, 2, 14),
(1120, 1, 4, 2, 15),
(1121, 1, 4, 2, 16),
(1122, 1, 4, 2, 17),
(1123, 1, 4, 2, 18),
(1124, 1, 4, 2, 19),
(1125, 1, 4, 2, 20),
(1126, 1, 4, 2, 21),
(1127, 1, 4, 2, 22),
(1128, 1, 4, 2, 23),
(1129, 1, 4, 2, 24),
(1130, 1, 4, 2, 25),
(1131, 1, 4, 2, 26),
(1132, 1, 5, 3, 1),
(1133, 1, 5, 3, 2),
(1134, 1, 5, 3, 3),
(1135, 1, 5, 3, 4),
(1136, 1, 5, 3, 5),
(1137, 1, 5, 3, 6),
(1138, 1, 5, 3, 7),
(1139, 1, 5, 3, 8),
(1140, 1, 5, 3, 9),
(1141, 1, 5, 3, 10),
(1142, 1, 5, 3, 11),
(1143, 1, 5, 3, 12),
(1144, 1, 5, 3, 13),
(1145, 1, 5, 3, 14),
(1146, 1, 5, 3, 15),
(1147, 1, 5, 3, 16),
(1148, 1, 5, 3, 17),
(1149, 1, 5, 3, 18),
(1150, 1, 5, 3, 19),
(1151, 1, 5, 3, 20),
(1152, 1, 5, 3, 21),
(1153, 1, 5, 3, 22),
(1154, 1, 5, 3, 23),
(1155, 1, 5, 3, 24),
(1156, 1, 5, 3, 25),
(1157, 1, 5, 3, 26),
(1158, 1, 5, 4, 1),
(1159, 1, 5, 4, 2),
(1160, 1, 5, 4, 3),
(1161, 1, 5, 4, 4),
(1162, 1, 5, 4, 5),
(1163, 1, 5, 4, 6),
(1164, 1, 5, 4, 7),
(1165, 1, 5, 4, 8),
(1166, 1, 5, 4, 9),
(1167, 1, 5, 4, 10),
(1168, 1, 5, 4, 11),
(1169, 1, 5, 4, 12),
(1170, 1, 5, 4, 13),
(1171, 1, 5, 4, 14),
(1172, 1, 5, 4, 15),
(1173, 1, 5, 4, 16),
(1174, 1, 5, 4, 17),
(1175, 1, 5, 4, 18),
(1176, 1, 5, 4, 19),
(1177, 1, 5, 4, 20),
(1178, 1, 5, 4, 21),
(1179, 1, 5, 4, 22),
(1180, 1, 5, 4, 23),
(1181, 1, 5, 4, 24),
(1182, 1, 5, 4, 25),
(1183, 1, 5, 4, 26),
(1184, 1, 5, 5, 1),
(1185, 1, 5, 5, 2),
(1186, 1, 5, 5, 3),
(1187, 1, 5, 5, 4),
(1188, 1, 5, 5, 5),
(1189, 1, 5, 5, 6),
(1190, 1, 5, 5, 7),
(1191, 1, 5, 5, 8),
(1192, 1, 5, 5, 9),
(1193, 1, 5, 5, 10),
(1194, 1, 5, 5, 11),
(1195, 1, 5, 5, 12),
(1196, 1, 5, 5, 13),
(1197, 1, 5, 5, 14),
(1198, 1, 5, 5, 15),
(1199, 1, 5, 5, 16),
(1200, 1, 5, 5, 17),
(1201, 1, 5, 5, 18),
(1202, 1, 5, 5, 19),
(1203, 1, 5, 5, 20),
(1204, 1, 5, 5, 21),
(1205, 1, 5, 5, 22),
(1206, 1, 5, 5, 23),
(1207, 1, 5, 5, 24),
(1208, 1, 5, 5, 25),
(1209, 1, 5, 5, 26),
(1210, 1, 5, 6, 1),
(1211, 1, 5, 6, 2),
(1212, 1, 5, 6, 3),
(1213, 1, 5, 6, 4),
(1214, 1, 5, 6, 5),
(1215, 1, 5, 6, 6),
(1216, 1, 5, 6, 7),
(1217, 1, 5, 6, 8),
(1218, 1, 5, 6, 9),
(1219, 1, 5, 6, 10),
(1220, 1, 5, 6, 11),
(1221, 1, 5, 6, 12),
(1222, 1, 5, 6, 13),
(1223, 1, 5, 6, 14),
(1224, 1, 5, 6, 15),
(1225, 1, 5, 6, 16),
(1226, 1, 5, 6, 17),
(1227, 1, 5, 6, 18),
(1228, 1, 5, 6, 19),
(1229, 1, 5, 6, 20),
(1230, 1, 5, 6, 21),
(1231, 1, 5, 6, 22),
(1232, 1, 5, 6, 23),
(1233, 1, 5, 6, 24),
(1234, 1, 5, 6, 25),
(1235, 1, 5, 6, 26),
(1236, 1, 5, 7, 1),
(1237, 1, 5, 7, 2),
(1238, 1, 5, 7, 3),
(1239, 1, 5, 7, 4),
(1240, 1, 5, 7, 5),
(1241, 1, 6, 7, 6),
(1242, 1, 6, 7, 7),
(1243, 1, 6, 7, 8),
(1244, 1, 6, 7, 9),
(1245, 1, 6, 7, 10),
(1246, 1, 6, 7, 11),
(1247, 1, 6, 7, 12),
(1248, 1, 6, 7, 13),
(1249, 1, 6, 7, 14),
(1250, 1, 6, 7, 15),
(1251, 1, 6, 7, 16),
(1252, 1, 6, 7, 17),
(1253, 1, 6, 7, 18),
(1254, 1, 6, 7, 19),
(1255, 1, 6, 7, 20),
(1256, 1, 6, 7, 21),
(1257, 1, 5, 7, 22),
(1258, 1, 5, 7, 23),
(1259, 1, 5, 7, 24),
(1260, 1, 5, 7, 25),
(1261, 1, 5, 7, 26),
(1262, 1, 5, 8, 1),
(1263, 1, 5, 8, 2),
(1264, 1, 5, 8, 3),
(1265, 1, 5, 8, 4),
(1266, 1, 5, 8, 5),
(1267, 1, 6, 8, 6),
(1268, 1, 6, 8, 7),
(1269, 1, 6, 8, 8),
(1270, 1, 6, 8, 9),
(1271, 1, 6, 8, 10),
(1272, 1, 6, 8, 11),
(1273, 1, 6, 8, 12),
(1274, 1, 6, 8, 13),
(1275, 1, 6, 8, 14),
(1276, 1, 6, 8, 15),
(1277, 1, 6, 8, 16),
(1278, 1, 6, 8, 17),
(1279, 1, 6, 8, 18),
(1280, 1, 6, 8, 19),
(1281, 1, 6, 8, 20),
(1282, 1, 6, 8, 21),
(1283, 1, 5, 8, 22),
(1284, 1, 5, 8, 23),
(1285, 1, 5, 8, 24),
(1286, 1, 5, 8, 25),
(1287, 1, 5, 8, 26),
(1288, 1, 5, 9, 1),
(1289, 1, 5, 9, 2),
(1290, 1, 5, 9, 3),
(1291, 1, 5, 9, 4),
(1292, 1, 5, 9, 5),
(1293, 1, 6, 9, 6),
(1294, 1, 6, 9, 7),
(1295, 1, 6, 9, 8),
(1296, 1, 6, 9, 9),
(1297, 1, 6, 9, 10),
(1298, 1, 6, 9, 11),
(1299, 1, 6, 9, 12),
(1300, 1, 6, 9, 13),
(1301, 1, 6, 9, 14),
(1302, 1, 6, 9, 15),
(1303, 1, 6, 9, 16),
(1304, 1, 6, 9, 17),
(1305, 1, 6, 9, 18),
(1306, 1, 6, 9, 19),
(1307, 1, 6, 9, 20),
(1308, 1, 6, 9, 21),
(1309, 1, 5, 9, 22),
(1310, 1, 5, 9, 23),
(1311, 1, 5, 9, 24),
(1312, 1, 5, 9, 25),
(1313, 1, 5, 9, 26),
(1314, 1, 5, 10, 1),
(1315, 1, 5, 10, 2),
(1316, 1, 5, 10, 3),
(1317, 1, 5, 10, 4),
(1318, 1, 5, 10, 5),
(1319, 1, 6, 10, 6),
(1320, 1, 6, 10, 7),
(1321, 1, 6, 10, 8),
(1322, 1, 6, 10, 9),
(1323, 1, 6, 10, 10),
(1324, 1, 6, 10, 11),
(1325, 1, 6, 10, 12),
(1326, 1, 6, 10, 13),
(1327, 1, 6, 10, 14),
(1328, 1, 6, 10, 15),
(1329, 1, 6, 10, 16),
(1330, 1, 6, 10, 17),
(1331, 1, 6, 10, 18),
(1332, 1, 6, 10, 19),
(1333, 1, 6, 10, 20),
(1334, 1, 6, 10, 21),
(1335, 1, 5, 10, 22),
(1336, 1, 5, 10, 23),
(1337, 1, 5, 10, 24),
(1338, 1, 5, 10, 25),
(1339, 1, 5, 10, 26),
(1340, 1, 5, 11, 1),
(1341, 1, 5, 11, 2),
(1342, 1, 5, 11, 3),
(1343, 1, 5, 11, 4),
(1344, 1, 5, 11, 5),
(1345, 1, 6, 11, 6),
(1346, 1, 6, 11, 7),
(1347, 1, 6, 11, 8),
(1348, 1, 6, 11, 9),
(1349, 1, 6, 11, 10),
(1350, 1, 6, 11, 11),
(1351, 1, 6, 11, 12),
(1352, 1, 6, 11, 13),
(1353, 1, 6, 11, 14),
(1354, 1, 6, 11, 15),
(1355, 1, 6, 11, 16),
(1356, 1, 6, 11, 17),
(1357, 1, 6, 11, 18),
(1358, 1, 6, 11, 19),
(1359, 1, 6, 11, 20),
(1360, 1, 6, 11, 21),
(1361, 1, 5, 11, 22),
(1362, 1, 5, 11, 23),
(1363, 1, 5, 11, 24),
(1364, 1, 5, 11, 25),
(1365, 1, 5, 11, 26),
(1366, 1, 5, 12, 1),
(1367, 1, 5, 12, 2),
(1368, 1, 5, 12, 3),
(1369, 1, 5, 12, 4),
(1370, 1, 5, 12, 5),
(1371, 1, 6, 12, 6),
(1372, 1, 6, 12, 7),
(1373, 1, 6, 12, 8),
(1374, 1, 6, 12, 9),
(1375, 1, 6, 12, 10),
(1376, 1, 6, 12, 11),
(1377, 1, 6, 12, 12),
(1378, 1, 6, 12, 13),
(1379, 1, 6, 12, 14),
(1380, 1, 6, 12, 15),
(1381, 1, 6, 12, 16),
(1382, 1, 6, 12, 17),
(1383, 1, 6, 12, 18),
(1384, 1, 6, 12, 19),
(1385, 1, 6, 12, 20),
(1386, 1, 6, 12, 21),
(1387, 1, 5, 12, 22),
(1388, 1, 5, 12, 23),
(1389, 1, 5, 12, 24),
(1390, 1, 5, 12, 25),
(1391, 1, 5, 12, 26),
(1392, 1, 5, 13, 1),
(1393, 1, 5, 13, 2),
(1394, 1, 5, 13, 3),
(1395, 1, 5, 13, 4),
(1396, 1, 5, 13, 5),
(1397, 1, 6, 13, 6),
(1398, 1, 6, 13, 7),
(1399, 1, 6, 13, 8),
(1400, 1, 6, 13, 9),
(1401, 1, 6, 13, 10),
(1402, 1, 6, 13, 11),
(1403, 1, 6, 13, 12),
(1404, 1, 6, 13, 13),
(1405, 1, 6, 13, 14),
(1406, 1, 6, 13, 15),
(1407, 1, 6, 13, 16),
(1408, 1, 6, 13, 17),
(1409, 1, 6, 13, 18),
(1410, 1, 6, 13, 19),
(1411, 1, 6, 13, 20),
(1412, 1, 6, 13, 21),
(1413, 1, 5, 13, 22),
(1414, 1, 5, 13, 23),
(1415, 1, 5, 13, 24),
(1416, 1, 5, 13, 25),
(1417, 1, 5, 13, 26),
(1418, 1, 5, 14, 1),
(1419, 1, 5, 14, 2),
(1420, 1, 5, 14, 3),
(1421, 1, 5, 14, 4),
(1422, 1, 5, 14, 5),
(1423, 1, 6, 14, 6),
(1424, 1, 6, 14, 7),
(1425, 1, 6, 14, 8),
(1426, 1, 6, 14, 9),
(1427, 1, 6, 14, 10),
(1428, 1, 6, 14, 11),
(1429, 1, 6, 14, 12),
(1430, 1, 6, 14, 13),
(1431, 1, 6, 14, 14),
(1432, 1, 6, 14, 15),
(1433, 1, 6, 14, 16),
(1434, 1, 6, 14, 17),
(1435, 1, 6, 14, 18),
(1436, 1, 6, 14, 19),
(1437, 1, 6, 14, 20),
(1438, 1, 6, 14, 21),
(1439, 1, 5, 14, 22),
(1440, 1, 5, 14, 23),
(1441, 1, 5, 14, 24),
(1442, 1, 5, 14, 25),
(1443, 1, 5, 14, 26),
(1444, 1, 5, 15, 1),
(1445, 1, 5, 15, 2),
(1446, 1, 5, 15, 3),
(1447, 1, 5, 15, 4),
(1448, 1, 5, 15, 5),
(1449, 1, 6, 15, 6),
(1450, 1, 6, 15, 7),
(1451, 1, 6, 15, 8),
(1452, 1, 6, 15, 9),
(1453, 1, 6, 15, 10),
(1454, 1, 6, 15, 11),
(1455, 1, 6, 15, 12),
(1456, 1, 6, 15, 13),
(1457, 1, 6, 15, 14),
(1458, 1, 6, 15, 15),
(1459, 1, 6, 15, 16),
(1460, 1, 6, 15, 17),
(1461, 1, 6, 15, 18),
(1462, 1, 6, 15, 19),
(1463, 1, 6, 15, 20),
(1464, 1, 6, 15, 21),
(1465, 1, 5, 15, 22),
(1466, 1, 5, 15, 23),
(1467, 1, 5, 15, 24),
(1468, 1, 5, 15, 25),
(1469, 1, 5, 15, 26),
(1470, 1, 5, 16, 1),
(1471, 1, 5, 16, 2),
(1472, 1, 5, 16, 3),
(1473, 1, 5, 16, 4),
(1474, 1, 5, 16, 5),
(1475, 1, 5, 16, 6),
(1476, 1, 5, 16, 7),
(1477, 1, 5, 16, 8),
(1478, 1, 5, 16, 9),
(1479, 1, 5, 16, 10),
(1480, 1, 5, 16, 11),
(1481, 1, 5, 16, 12),
(1482, 1, 5, 16, 13),
(1483, 1, 5, 16, 14),
(1484, 1, 5, 16, 15),
(1485, 1, 5, 16, 16),
(1486, 1, 5, 16, 17),
(1487, 1, 5, 16, 18),
(1488, 1, 5, 16, 19),
(1489, 1, 5, 16, 20),
(1490, 1, 5, 16, 21),
(1491, 1, 5, 16, 22),
(1492, 1, 5, 16, 23),
(1493, 1, 5, 16, 24),
(1494, 1, 5, 16, 25),
(1495, 1, 5, 16, 26),
(1496, 1, 5, 17, 1),
(1497, 1, 5, 17, 2),
(1498, 1, 5, 17, 3),
(1499, 1, 5, 17, 4),
(1500, 1, 5, 17, 5),
(1501, 1, 5, 17, 6),
(1502, 1, 5, 17, 7),
(1503, 1, 5, 17, 8),
(1504, 1, 5, 17, 9),
(1505, 1, 5, 17, 10),
(1506, 1, 5, 17, 11),
(1507, 1, 5, 17, 12),
(1508, 1, 5, 17, 13),
(1509, 1, 5, 17, 14),
(1510, 1, 5, 17, 15),
(1511, 1, 5, 17, 16),
(1512, 1, 5, 17, 17),
(1513, 1, 5, 17, 18),
(1514, 1, 5, 17, 19),
(1515, 1, 5, 17, 20),
(1516, 1, 5, 17, 21),
(1517, 1, 5, 17, 22),
(1518, 1, 5, 17, 23),
(1519, 1, 5, 17, 24),
(1520, 1, 5, 17, 25),
(1521, 1, 5, 17, 26),
(1522, 1, 5, 18, 1),
(1523, 1, 5, 18, 2),
(1524, 1, 5, 18, 3),
(1525, 1, 5, 18, 4),
(1526, 1, 5, 18, 5),
(1527, 1, 5, 18, 6),
(1528, 1, 5, 18, 7),
(1529, 1, 5, 18, 8),
(1530, 1, 5, 18, 9),
(1531, 1, 5, 18, 10),
(1532, 1, 5, 18, 11),
(1533, 1, 5, 18, 12),
(1534, 1, 5, 18, 13),
(1535, 1, 5, 18, 14),
(1536, 1, 5, 18, 15),
(1537, 1, 5, 18, 16),
(1538, 1, 5, 18, 17),
(1539, 1, 5, 18, 18),
(1540, 1, 5, 18, 19),
(1541, 1, 5, 18, 20),
(1542, 1, 5, 18, 21),
(1543, 1, 5, 18, 22),
(1544, 1, 5, 18, 23),
(1545, 1, 5, 18, 24),
(1546, 1, 5, 18, 25),
(1547, 1, 5, 18, 26),
(1548, 2, 1, 1, 1),
(1549, 2, 1, 1, 2),
(1550, 2, 1, 1, 3),
(1551, 2, 1, 1, 4),
(1552, 2, 1, 1, 5),
(1553, 2, 1, 1, 6),
(1554, 2, 1, 1, 7),
(1555, 2, 1, 1, 8),
(1556, 2, 1, 1, 9),
(1557, 2, 1, 1, 10),
(1558, 2, 1, 1, 11),
(1559, 2, 1, 1, 12),
(1560, 2, 1, 1, 13),
(1561, 2, 1, 1, 14),
(1562, 2, 1, 1, 15),
(1563, 2, 1, 1, 16),
(1564, 2, 1, 1, 17),
(1565, 2, 1, 1, 18),
(1566, 2, 1, 1, 19),
(1567, 2, 1, 1, 20),
(1568, 2, 1, 1, 21),
(1569, 2, 1, 1, 22),
(1570, 2, 1, 1, 23),
(1571, 2, 1, 1, 24),
(1572, 2, 1, 1, 25),
(1573, 2, 1, 1, 26),
(1574, 2, 1, 2, 1),
(1575, 2, 1, 2, 2),
(1576, 2, 1, 2, 3),
(1577, 2, 1, 2, 4),
(1578, 2, 1, 2, 5),
(1579, 2, 1, 2, 6),
(1580, 2, 1, 2, 7),
(1581, 2, 1, 2, 8),
(1582, 2, 1, 2, 9),
(1583, 2, 1, 2, 10),
(1584, 2, 1, 2, 11),
(1585, 2, 1, 2, 12),
(1586, 2, 1, 2, 13),
(1587, 2, 1, 2, 14),
(1588, 2, 1, 2, 15),
(1589, 2, 1, 2, 16),
(1590, 2, 1, 2, 17),
(1591, 2, 1, 2, 18),
(1592, 2, 1, 2, 19),
(1593, 2, 1, 2, 20),
(1594, 2, 1, 2, 21),
(1595, 2, 1, 2, 22),
(1596, 2, 1, 2, 23),
(1597, 2, 1, 2, 24),
(1598, 2, 1, 2, 25),
(1599, 2, 1, 2, 26),
(1600, 2, 2, 3, 1),
(1601, 2, 2, 3, 2),
(1602, 2, 2, 3, 3),
(1603, 2, 2, 3, 4),
(1604, 2, 2, 3, 5),
(1605, 2, 2, 3, 6),
(1606, 2, 2, 3, 7),
(1607, 2, 2, 3, 8),
(1608, 2, 2, 3, 9),
(1609, 2, 2, 3, 10),
(1610, 2, 2, 3, 11),
(1611, 2, 2, 3, 12),
(1612, 2, 2, 3, 13),
(1613, 2, 2, 3, 14),
(1614, 2, 2, 3, 15),
(1615, 2, 2, 3, 16),
(1616, 2, 2, 3, 17),
(1617, 2, 2, 3, 18),
(1618, 2, 2, 3, 19),
(1619, 2, 2, 3, 20),
(1620, 2, 2, 3, 21),
(1621, 2, 2, 3, 22),
(1622, 2, 2, 3, 23),
(1623, 2, 2, 3, 24),
(1624, 2, 2, 3, 25),
(1625, 2, 2, 3, 26),
(1626, 2, 2, 4, 1),
(1627, 2, 2, 4, 2),
(1628, 2, 2, 4, 3),
(1629, 2, 2, 4, 4),
(1630, 2, 2, 4, 5),
(1631, 2, 2, 4, 6),
(1632, 2, 2, 4, 7),
(1633, 2, 2, 4, 8),
(1634, 2, 2, 4, 9),
(1635, 2, 2, 4, 10),
(1636, 2, 2, 4, 11),
(1637, 2, 2, 4, 12),
(1638, 2, 2, 4, 13),
(1639, 2, 2, 4, 14),
(1640, 2, 2, 4, 15),
(1641, 2, 2, 4, 16),
(1642, 2, 2, 4, 17),
(1643, 2, 2, 4, 18),
(1644, 2, 2, 4, 19),
(1645, 2, 2, 4, 20),
(1646, 2, 2, 4, 21),
(1647, 2, 2, 4, 22),
(1648, 2, 2, 4, 23),
(1649, 2, 2, 4, 24),
(1650, 2, 2, 4, 25),
(1651, 2, 2, 4, 26),
(1652, 2, 2, 5, 1),
(1653, 2, 2, 5, 2),
(1654, 2, 2, 5, 3),
(1655, 2, 2, 5, 4),
(1656, 2, 2, 5, 5),
(1657, 2, 2, 5, 6),
(1658, 2, 2, 5, 7),
(1659, 2, 2, 5, 8),
(1660, 2, 2, 5, 9),
(1661, 2, 2, 5, 10),
(1662, 2, 2, 5, 11),
(1663, 2, 2, 5, 12),
(1664, 2, 2, 5, 13),
(1665, 2, 2, 5, 14),
(1666, 2, 2, 5, 15),
(1667, 2, 2, 5, 16),
(1668, 2, 2, 5, 17),
(1669, 2, 2, 5, 18),
(1670, 2, 2, 5, 19),
(1671, 2, 2, 5, 20),
(1672, 2, 2, 5, 21),
(1673, 2, 2, 5, 22),
(1674, 2, 2, 5, 23),
(1675, 2, 2, 5, 24),
(1676, 2, 2, 5, 25),
(1677, 2, 2, 5, 26),
(1678, 2, 2, 6, 1),
(1679, 2, 2, 6, 2),
(1680, 2, 2, 6, 3),
(1681, 2, 2, 6, 4),
(1682, 2, 2, 6, 5),
(1683, 2, 2, 6, 6),
(1684, 2, 2, 6, 7),
(1685, 2, 2, 6, 8),
(1686, 2, 2, 6, 9),
(1687, 2, 2, 6, 10),
(1688, 2, 2, 6, 11),
(1689, 2, 2, 6, 12),
(1690, 2, 2, 6, 13),
(1691, 2, 2, 6, 14),
(1692, 2, 2, 6, 15),
(1693, 2, 2, 6, 16),
(1694, 2, 2, 6, 17),
(1695, 2, 2, 6, 18),
(1696, 2, 2, 6, 19),
(1697, 2, 2, 6, 20),
(1698, 2, 2, 6, 21),
(1699, 2, 2, 6, 22),
(1700, 2, 2, 6, 23),
(1701, 2, 2, 6, 24),
(1702, 2, 2, 6, 25),
(1703, 2, 2, 6, 26),
(1704, 2, 2, 7, 1),
(1705, 2, 2, 7, 2),
(1706, 2, 2, 7, 3),
(1707, 2, 2, 7, 4),
(1708, 2, 2, 7, 5),
(1709, 2, 3, 7, 6),
(1710, 2, 3, 7, 7),
(1711, 2, 3, 7, 8),
(1712, 2, 3, 7, 9),
(1713, 2, 3, 7, 10),
(1714, 2, 3, 7, 11),
(1715, 2, 3, 7, 12),
(1716, 2, 3, 7, 13),
(1717, 2, 3, 7, 14),
(1718, 2, 3, 7, 15),
(1719, 2, 3, 7, 16),
(1720, 2, 3, 7, 17),
(1721, 2, 3, 7, 18),
(1722, 2, 3, 7, 19),
(1723, 2, 3, 7, 20),
(1724, 2, 3, 7, 21),
(1725, 2, 2, 7, 22),
(1726, 2, 2, 7, 23),
(1727, 2, 2, 7, 24),
(1728, 2, 2, 7, 25),
(1729, 2, 2, 7, 26),
(1730, 2, 2, 8, 1),
(1731, 2, 2, 8, 2),
(1732, 2, 2, 8, 3),
(1733, 2, 2, 8, 4),
(1734, 2, 2, 8, 5),
(1735, 2, 3, 8, 6),
(1736, 2, 3, 8, 7),
(1737, 2, 3, 8, 8),
(1738, 2, 3, 8, 9),
(1739, 2, 3, 8, 10),
(1740, 2, 3, 8, 11),
(1741, 2, 3, 8, 12),
(1742, 2, 3, 8, 13),
(1743, 2, 3, 8, 14),
(1744, 2, 3, 8, 15),
(1745, 2, 3, 8, 16),
(1746, 2, 3, 8, 17),
(1747, 2, 3, 8, 18),
(1748, 2, 3, 8, 19),
(1749, 2, 3, 8, 20),
(1750, 2, 3, 8, 21),
(1751, 2, 2, 8, 22),
(1752, 2, 2, 8, 23),
(1753, 2, 2, 8, 24),
(1754, 2, 2, 8, 25),
(1755, 2, 2, 8, 26),
(1756, 2, 2, 9, 1),
(1757, 2, 2, 9, 2),
(1758, 2, 2, 9, 3),
(1759, 2, 2, 9, 4),
(1760, 2, 2, 9, 5),
(1761, 2, 3, 9, 6),
(1762, 2, 3, 9, 7),
(1763, 2, 3, 9, 8),
(1764, 2, 3, 9, 9),
(1765, 2, 3, 9, 10),
(1766, 2, 3, 9, 11),
(1767, 2, 3, 9, 12),
(1768, 2, 3, 9, 13),
(1769, 2, 3, 9, 14),
(1770, 2, 3, 9, 15),
(1771, 2, 3, 9, 16),
(1772, 2, 3, 9, 17),
(1773, 2, 3, 9, 18),
(1774, 2, 3, 9, 19),
(1775, 2, 3, 9, 20),
(1776, 2, 3, 9, 21),
(1777, 2, 2, 9, 22),
(1778, 2, 2, 9, 23),
(1779, 2, 2, 9, 24),
(1780, 2, 2, 9, 25),
(1781, 2, 2, 9, 26),
(1782, 2, 2, 10, 1),
(1783, 2, 2, 10, 2),
(1784, 2, 2, 10, 3),
(1785, 2, 2, 10, 4),
(1786, 2, 2, 10, 5),
(1787, 2, 3, 10, 6),
(1788, 2, 3, 10, 7),
(1789, 2, 3, 10, 8),
(1790, 2, 3, 10, 9),
(1791, 2, 3, 10, 10),
(1792, 2, 3, 10, 11),
(1793, 2, 3, 10, 12),
(1794, 2, 3, 10, 13),
(1795, 2, 3, 10, 14),
(1796, 2, 3, 10, 15),
(1797, 2, 3, 10, 16),
(1798, 2, 3, 10, 17),
(1799, 2, 3, 10, 18),
(1800, 2, 3, 10, 19),
(1801, 2, 3, 10, 20),
(1802, 2, 3, 10, 21),
(1803, 2, 2, 10, 22),
(1804, 2, 2, 10, 23),
(1805, 2, 2, 10, 24),
(1806, 2, 2, 10, 25),
(1807, 2, 2, 10, 26),
(1808, 2, 2, 11, 1),
(1809, 2, 2, 11, 2),
(1810, 2, 2, 11, 3),
(1811, 2, 2, 11, 4),
(1812, 2, 2, 11, 5),
(1813, 2, 3, 11, 6),
(1814, 2, 3, 11, 7),
(1815, 2, 3, 11, 8),
(1816, 2, 3, 11, 9),
(1817, 2, 3, 11, 10),
(1818, 2, 3, 11, 11),
(1819, 2, 3, 11, 12),
(1820, 2, 3, 11, 13),
(1821, 2, 3, 11, 14),
(1822, 2, 3, 11, 15),
(1823, 2, 3, 11, 16),
(1824, 2, 3, 11, 17),
(1825, 2, 3, 11, 18),
(1826, 2, 3, 11, 19),
(1827, 2, 3, 11, 20),
(1828, 2, 3, 11, 21),
(1829, 2, 2, 11, 22),
(1830, 2, 2, 11, 23),
(1831, 2, 2, 11, 24),
(1832, 2, 2, 11, 25),
(1833, 2, 2, 11, 26),
(1834, 2, 2, 12, 1),
(1835, 2, 2, 12, 2),
(1836, 2, 2, 12, 3),
(1837, 2, 2, 12, 4),
(1838, 2, 2, 12, 5),
(1839, 2, 3, 12, 6),
(1840, 2, 3, 12, 7),
(1841, 2, 3, 12, 8),
(1842, 2, 3, 12, 9),
(1843, 2, 3, 12, 10),
(1844, 2, 3, 12, 11),
(1845, 2, 3, 12, 12),
(1846, 2, 3, 12, 13),
(1847, 2, 3, 12, 14),
(1848, 2, 3, 12, 15),
(1849, 2, 3, 12, 16),
(1850, 2, 3, 12, 17),
(1851, 2, 3, 12, 18),
(1852, 2, 3, 12, 19),
(1853, 2, 3, 12, 20),
(1854, 2, 3, 12, 21),
(1855, 2, 2, 12, 22),
(1856, 2, 2, 12, 23),
(1857, 2, 2, 12, 24),
(1858, 2, 2, 12, 25),
(1859, 2, 2, 12, 26),
(1860, 2, 2, 13, 1),
(1861, 2, 2, 13, 2),
(1862, 2, 2, 13, 3),
(1863, 2, 2, 13, 4),
(1864, 2, 2, 13, 5),
(1865, 2, 3, 13, 6),
(1866, 2, 3, 13, 7),
(1867, 2, 3, 13, 8),
(1868, 2, 3, 13, 9),
(1869, 2, 3, 13, 10),
(1870, 2, 3, 13, 11),
(1871, 2, 3, 13, 12),
(1872, 2, 3, 13, 13),
(1873, 2, 3, 13, 14),
(1874, 2, 3, 13, 15),
(1875, 2, 3, 13, 16),
(1876, 2, 3, 13, 17),
(1877, 2, 3, 13, 18),
(1878, 2, 3, 13, 19),
(1879, 2, 3, 13, 20),
(1880, 2, 3, 13, 21),
(1881, 2, 2, 13, 22),
(1882, 2, 2, 13, 23),
(1883, 2, 2, 13, 24),
(1884, 2, 2, 13, 25),
(1885, 2, 2, 13, 26),
(1886, 2, 2, 14, 1),
(1887, 2, 2, 14, 2),
(1888, 2, 2, 14, 3),
(1889, 2, 2, 14, 4),
(1890, 2, 2, 14, 5),
(1891, 2, 3, 14, 6),
(1892, 2, 3, 14, 7),
(1893, 2, 3, 14, 8),
(1894, 2, 3, 14, 9),
(1895, 2, 3, 14, 10),
(1896, 2, 3, 14, 11),
(1897, 2, 3, 14, 12),
(1898, 2, 3, 14, 13),
(1899, 2, 3, 14, 14),
(1900, 2, 3, 14, 15),
(1901, 2, 3, 14, 16),
(1902, 2, 3, 14, 17),
(1903, 2, 3, 14, 18),
(1904, 2, 3, 14, 19),
(1905, 2, 3, 14, 20),
(1906, 2, 3, 14, 21),
(1907, 2, 2, 14, 22),
(1908, 2, 2, 14, 23),
(1909, 2, 2, 14, 24),
(1910, 2, 2, 14, 25),
(1911, 2, 2, 14, 26),
(1912, 2, 2, 15, 1),
(1913, 2, 2, 15, 2),
(1914, 2, 2, 15, 3),
(1915, 2, 2, 15, 4),
(1916, 2, 2, 15, 5),
(1917, 2, 3, 15, 6),
(1918, 2, 3, 15, 7),
(1919, 2, 3, 15, 8),
(1920, 2, 3, 15, 9),
(1921, 2, 3, 15, 10),
(1922, 2, 3, 15, 11),
(1923, 2, 3, 15, 12),
(1924, 2, 3, 15, 13),
(1925, 2, 3, 15, 14),
(1926, 2, 3, 15, 15),
(1927, 2, 3, 15, 16),
(1928, 2, 3, 15, 17),
(1929, 2, 3, 15, 18),
(1930, 2, 3, 15, 19),
(1931, 2, 3, 15, 20),
(1932, 2, 3, 15, 21),
(1933, 2, 2, 15, 22),
(1934, 2, 2, 15, 23),
(1935, 2, 2, 15, 24),
(1936, 2, 2, 15, 25),
(1937, 2, 2, 15, 26),
(1938, 2, 2, 16, 1),
(1939, 2, 2, 16, 2),
(1940, 2, 2, 16, 3),
(1941, 2, 2, 16, 4),
(1942, 2, 2, 16, 5),
(1943, 2, 2, 16, 6),
(1944, 2, 2, 16, 7),
(1945, 2, 2, 16, 8),
(1946, 2, 2, 16, 9),
(1947, 2, 2, 16, 10),
(1948, 2, 2, 16, 11),
(1949, 2, 2, 16, 12),
(1950, 2, 2, 16, 13),
(1951, 2, 2, 16, 14),
(1952, 2, 2, 16, 15),
(1953, 2, 2, 16, 16),
(1954, 2, 2, 16, 17),
(1955, 2, 2, 16, 18),
(1956, 2, 2, 16, 19),
(1957, 2, 2, 16, 20),
(1958, 2, 2, 16, 21),
(1959, 2, 2, 16, 22),
(1960, 2, 2, 16, 23),
(1961, 2, 2, 16, 24),
(1962, 2, 2, 16, 25),
(1963, 2, 2, 16, 26),
(1964, 2, 2, 17, 1),
(1965, 2, 2, 17, 2),
(1966, 2, 2, 17, 3),
(1967, 2, 2, 17, 4),
(1968, 2, 2, 17, 5),
(1969, 2, 2, 17, 6),
(1970, 2, 2, 17, 7),
(1971, 2, 2, 17, 8),
(1972, 2, 2, 17, 9),
(1973, 2, 2, 17, 10),
(1974, 2, 2, 17, 11),
(1975, 2, 2, 17, 12),
(1976, 2, 2, 17, 13),
(1977, 2, 2, 17, 14),
(1978, 2, 2, 17, 15),
(1979, 2, 2, 17, 16),
(1980, 2, 2, 17, 17),
(1981, 2, 2, 17, 18),
(1982, 2, 2, 17, 19),
(1983, 2, 2, 17, 20),
(1984, 2, 2, 17, 21),
(1985, 2, 2, 17, 22),
(1986, 2, 2, 17, 23),
(1987, 2, 2, 17, 24),
(1988, 2, 2, 17, 25),
(1989, 2, 2, 17, 26),
(1990, 2, 2, 18, 1),
(1991, 2, 2, 18, 2),
(1992, 2, 2, 18, 3),
(1993, 2, 2, 18, 4),
(1994, 2, 2, 18, 5),
(1995, 2, 2, 18, 6),
(1996, 2, 2, 18, 7),
(1997, 2, 2, 18, 8),
(1998, 2, 2, 18, 9),
(1999, 2, 2, 18, 10),
(2000, 2, 2, 18, 11),
(2001, 2, 2, 18, 12),
(2002, 2, 2, 18, 13),
(2003, 2, 2, 18, 14),
(2004, 2, 2, 18, 15),
(2005, 2, 2, 18, 16),
(2006, 2, 2, 18, 17),
(2007, 2, 2, 18, 18),
(2008, 2, 2, 18, 19),
(2009, 2, 2, 18, 20),
(2010, 2, 2, 18, 21),
(2011, 2, 2, 18, 22),
(2012, 2, 2, 18, 23),
(2013, 2, 2, 18, 24),
(2014, 2, 2, 18, 25),
(2015, 2, 2, 18, 26),
(2016, 3, 2, 1, 1),
(2017, 3, 2, 1, 2),
(2018, 3, 2, 1, 3),
(2019, 3, 2, 1, 4),
(2020, 3, 2, 1, 5),
(2021, 3, 2, 1, 6),
(2022, 3, 2, 1, 7),
(2023, 3, 2, 1, 8),
(2024, 3, 2, 1, 9),
(2025, 3, 2, 1, 10),
(2026, 3, 2, 1, 11),
(2027, 3, 2, 1, 12),
(2028, 3, 2, 1, 13),
(2029, 3, 2, 1, 14),
(2030, 3, 2, 2, 1),
(2031, 3, 2, 2, 2),
(2032, 3, 2, 2, 3),
(2033, 3, 2, 2, 4),
(2034, 3, 2, 2, 5),
(2035, 3, 2, 2, 6),
(2036, 3, 2, 2, 7),
(2037, 3, 2, 2, 8),
(2038, 3, 2, 2, 9),
(2039, 3, 2, 2, 10),
(2040, 3, 2, 2, 11),
(2041, 3, 2, 2, 12),
(2042, 3, 2, 2, 13),
(2043, 3, 2, 2, 14),
(2044, 3, 2, 3, 1),
(2045, 3, 2, 3, 2),
(2046, 3, 2, 3, 3),
(2047, 3, 2, 3, 4),
(2048, 3, 2, 3, 5),
(2049, 3, 2, 3, 6),
(2050, 3, 2, 3, 7),
(2051, 3, 2, 3, 8),
(2052, 3, 2, 3, 9),
(2053, 3, 2, 3, 10),
(2054, 3, 2, 3, 11),
(2055, 3, 2, 3, 12),
(2056, 3, 2, 3, 13),
(2057, 3, 2, 3, 14),
(2058, 3, 2, 4, 1),
(2059, 3, 2, 4, 2),
(2060, 3, 2, 4, 3),
(2061, 3, 2, 4, 4),
(2062, 3, 2, 4, 5),
(2063, 3, 2, 4, 6),
(2064, 3, 2, 4, 7),
(2065, 3, 2, 4, 8),
(2066, 3, 2, 4, 9),
(2067, 3, 2, 4, 10),
(2068, 3, 2, 4, 11),
(2069, 3, 2, 4, 12),
(2070, 3, 2, 4, 13),
(2071, 3, 2, 4, 14),
(2072, 3, 2, 5, 1),
(2073, 3, 2, 5, 2),
(2074, 3, 2, 5, 3),
(2075, 3, 2, 5, 4),
(2076, 3, 2, 5, 5),
(2077, 3, 2, 5, 6),
(2078, 3, 2, 5, 7),
(2079, 3, 2, 5, 8),
(2080, 3, 2, 5, 9),
(2081, 3, 2, 5, 10),
(2082, 3, 2, 5, 11),
(2083, 3, 2, 5, 12),
(2084, 3, 2, 5, 13),
(2085, 3, 2, 5, 14),
(2086, 3, 2, 6, 1),
(2087, 3, 2, 6, 2),
(2088, 3, 2, 6, 3),
(2089, 3, 2, 6, 4),
(2090, 3, 2, 6, 5),
(2091, 3, 2, 6, 6),
(2092, 3, 2, 6, 7),
(2093, 3, 2, 6, 8),
(2094, 3, 2, 6, 9),
(2095, 3, 2, 6, 10),
(2096, 3, 2, 6, 11),
(2097, 3, 2, 6, 12),
(2098, 3, 2, 6, 13),
(2099, 3, 2, 6, 14),
(2100, 3, 2, 7, 1),
(2101, 3, 2, 7, 2),
(2102, 3, 2, 7, 3),
(2103, 3, 2, 7, 4),
(2104, 3, 2, 7, 5),
(2105, 3, 2, 7, 6),
(2106, 3, 2, 7, 7),
(2107, 3, 2, 7, 8),
(2108, 3, 2, 7, 9),
(2109, 3, 2, 7, 10),
(2110, 3, 2, 7, 11),
(2111, 3, 2, 7, 12),
(2112, 3, 2, 7, 13),
(2113, 3, 2, 7, 14),
(2114, 3, 2, 8, 1),
(2115, 3, 2, 8, 2),
(2116, 3, 2, 8, 3),
(2117, 3, 2, 8, 4),
(2118, 3, 2, 8, 5),
(2119, 3, 2, 8, 6),
(2120, 3, 2, 8, 7),
(2121, 3, 2, 8, 8),
(2122, 3, 2, 8, 9),
(2123, 3, 2, 8, 10),
(2124, 3, 2, 8, 11),
(2125, 3, 2, 8, 12),
(2126, 3, 2, 8, 13),
(2127, 3, 2, 8, 14),
(2128, 3, 2, 9, 1),
(2129, 3, 2, 9, 2),
(2130, 3, 2, 9, 3),
(2131, 3, 2, 9, 4),
(2132, 3, 2, 9, 5),
(2133, 3, 2, 9, 6),
(2134, 3, 2, 9, 7),
(2135, 3, 2, 9, 8),
(2136, 3, 2, 9, 9),
(2137, 3, 2, 9, 10),
(2138, 3, 2, 9, 11),
(2139, 3, 2, 9, 12),
(2140, 3, 2, 9, 13),
(2141, 3, 2, 9, 14),
(2142, 4, 2, 1, 1),
(2143, 4, 2, 1, 2),
(2144, 4, 2, 1, 3),
(2145, 4, 2, 1, 4),
(2146, 4, 2, 1, 5),
(2147, 4, 2, 1, 6),
(2148, 4, 2, 1, 7),
(2149, 4, 2, 1, 8),
(2150, 4, 2, 1, 9),
(2151, 4, 2, 1, 10),
(2152, 4, 2, 1, 11),
(2153, 4, 2, 1, 12),
(2154, 4, 2, 1, 13),
(2155, 4, 2, 1, 14),
(2156, 4, 2, 2, 1),
(2157, 4, 2, 2, 2),
(2158, 4, 2, 2, 3),
(2159, 4, 2, 2, 4),
(2160, 4, 2, 2, 5),
(2161, 4, 2, 2, 6),
(2162, 4, 2, 2, 7),
(2163, 4, 2, 2, 8),
(2164, 4, 2, 2, 9),
(2165, 4, 2, 2, 10),
(2166, 4, 2, 2, 11),
(2167, 4, 2, 2, 12),
(2168, 4, 2, 2, 13),
(2169, 4, 2, 2, 14),
(2170, 4, 2, 3, 1),
(2171, 4, 2, 3, 2),
(2172, 4, 2, 3, 3),
(2173, 4, 2, 3, 4),
(2174, 4, 2, 3, 5),
(2175, 4, 2, 3, 6),
(2176, 4, 2, 3, 7),
(2177, 4, 2, 3, 8),
(2178, 4, 2, 3, 9),
(2179, 4, 2, 3, 10),
(2180, 4, 2, 3, 11),
(2181, 4, 2, 3, 12),
(2182, 4, 2, 3, 13),
(2183, 4, 2, 3, 14),
(2184, 4, 2, 4, 1),
(2185, 4, 2, 4, 2),
(2186, 4, 2, 4, 3),
(2187, 4, 2, 4, 4),
(2188, 4, 2, 4, 5),
(2189, 4, 2, 4, 6),
(2190, 4, 2, 4, 7),
(2191, 4, 2, 4, 8),
(2192, 4, 2, 4, 9),
(2193, 4, 2, 4, 10),
(2194, 4, 2, 4, 11),
(2195, 4, 2, 4, 12),
(2196, 4, 2, 4, 13),
(2197, 4, 2, 4, 14),
(2198, 4, 2, 5, 1),
(2199, 4, 2, 5, 2),
(2200, 4, 2, 5, 3),
(2201, 4, 2, 5, 4),
(2202, 4, 2, 5, 5),
(2203, 4, 2, 5, 6),
(2204, 4, 2, 5, 7),
(2205, 4, 2, 5, 8),
(2206, 4, 2, 5, 9),
(2207, 4, 2, 5, 10),
(2208, 4, 2, 5, 11),
(2209, 4, 2, 5, 12),
(2210, 4, 2, 5, 13),
(2211, 4, 2, 5, 14),
(2212, 4, 2, 6, 1),
(2213, 4, 2, 6, 2),
(2214, 4, 2, 6, 3),
(2215, 4, 2, 6, 4),
(2216, 4, 2, 6, 5),
(2217, 4, 2, 6, 6),
(2218, 4, 2, 6, 7),
(2219, 4, 2, 6, 8),
(2220, 4, 2, 6, 9),
(2221, 4, 2, 6, 10),
(2222, 4, 2, 6, 11),
(2223, 4, 2, 6, 12),
(2224, 4, 2, 6, 13),
(2225, 4, 2, 6, 14),
(2226, 4, 2, 7, 1),
(2227, 4, 2, 7, 2),
(2228, 4, 2, 7, 3),
(2229, 4, 2, 7, 4),
(2230, 4, 2, 7, 5),
(2231, 4, 2, 7, 6),
(2232, 4, 2, 7, 7),
(2233, 4, 2, 7, 8),
(2234, 4, 2, 7, 9),
(2235, 4, 2, 7, 10),
(2236, 4, 2, 7, 11),
(2237, 4, 2, 7, 12),
(2238, 4, 2, 7, 13),
(2239, 4, 2, 7, 14),
(2240, 4, 2, 8, 1),
(2241, 4, 2, 8, 2),
(2242, 4, 2, 8, 3),
(2243, 4, 2, 8, 4),
(2244, 4, 2, 8, 5),
(2245, 4, 2, 8, 6),
(2246, 4, 2, 8, 7),
(2247, 4, 2, 8, 8),
(2248, 4, 2, 8, 9),
(2249, 4, 2, 8, 10),
(2250, 4, 2, 8, 11),
(2251, 4, 2, 8, 12),
(2252, 4, 2, 8, 13),
(2253, 4, 2, 8, 14),
(2254, 4, 2, 9, 1),
(2255, 4, 2, 9, 2),
(2256, 4, 2, 9, 3),
(2257, 4, 2, 9, 4),
(2258, 4, 2, 9, 5),
(2259, 4, 2, 9, 6),
(2260, 4, 2, 9, 7),
(2261, 4, 2, 9, 8),
(2262, 4, 2, 9, 9),
(2263, 4, 2, 9, 10),
(2264, 4, 2, 9, 11),
(2265, 4, 2, 9, 12),
(2266, 4, 2, 9, 13),
(2267, 4, 2, 9, 14),
(2268, 5, 7, 1, 1),
(2269, 5, 7, 1, 2),
(2270, 5, 7, 1, 3),
(2271, 5, 7, 1, 4),
(2272, 5, 7, 2, 1),
(2273, 5, 7, 2, 2),
(2274, 5, 7, 2, 3),
(2275, 5, 7, 2, 4),
(2276, 5, 7, 3, 1),
(2277, 5, 7, 3, 2),
(2278, 5, 7, 3, 3),
(2279, 5, 7, 3, 4),
(2280, 5, 7, 4, 1),
(2281, 5, 7, 4, 2),
(2282, 5, 7, 4, 3),
(2283, 5, 7, 4, 4);

