INSERT INTO public."filmAttributeType" (id, name) VALUES(1, 'Рецензия');
INSERT INTO public."filmAttributeType" (id, name) VALUES(2, 'Премия');
INSERT INTO public."filmAttributeType" (id, name) VALUES(3, 'Важная дата');
INSERT INTO public."filmAttributeType" (id, name) VALUES(4, 'Служебная дата');

INSERT INTO public."filmAttribute" (id, name, film_attribute_type_id) VALUES(1, 'Рецензия критиков', 1);
INSERT INTO public."filmAttribute" (id, name, film_attribute_type_id) VALUES(2, 'Отзыв неизвестной киноакадемии', 1);
INSERT INTO public."filmAttribute" (id, name, film_attribute_type_id) VALUES(3, 'Рецензия зрителя', 1);
INSERT INTO public."filmAttribute" (id, name, film_attribute_type_id) VALUES(4, 'Оскар', 2);
INSERT INTO public."filmAttribute" (id, name, film_attribute_type_id) VALUES(5, 'Ника', 2);
INSERT INTO public."filmAttribute" (id, name, film_attribute_type_id) VALUES(6, 'Тэффи', 2);
INSERT INTO public."filmAttribute" (id, name, film_attribute_type_id) VALUES(7, 'Мировая премьера', 3);
INSERT INTO public."filmAttribute" (id, name, film_attribute_type_id) VALUES(8, 'Премьера в РФ', 3);
INSERT INTO public."filmAttribute" (id, name, film_attribute_type_id) VALUES(9, 'Дата начала продажи билетов', 4);
INSERT INTO public."filmAttribute" (id, name, film_attribute_type_id) VALUES(10, 'Дата начала рекламы', 4);
INSERT INTO public."filmAttribute" (id, name, film_attribute_type_id) VALUES(11, 'Дата начала проката', 4);
INSERT INTO public."filmAttribute" (id, name, film_attribute_type_id) VALUES(12, 'Дата окончания проката', 4);

INSERT INTO public."film" (id, name) VALUES(1, 'Фильм 1');
INSERT INTO public."film" (id, name) VALUES(2, 'Фильм 2');
INSERT INTO public."film" (id, name) VALUES(3, 'Фильм 3');

INSERT INTO public."filmAttributeValue" (id, film_attribute_id, film_id, value_text, value_timestamp) VALUES(1, 1, 1, 'Текст 1 рецензии критиков для фильма 1', (CURRENT_DATE - INTERVAL '1 DAY')::TIMESTAMP);
INSERT INTO public."filmAttributeValue" (id, film_attribute_id, film_id, value_text, value_timestamp) VALUES(2, 1, 1, 'Текст 2 рецензии критиков для фильма 1', (CURRENT_DATE - INTERVAL '2 DAY')::TIMESTAMP);
INSERT INTO public."filmAttributeValue" (id, film_attribute_id, film_id, value_text, value_timestamp) VALUES(3, 1, 1, 'Текст 3 рецензии критиков для фильма 1', CURRENT_DATE::TIMESTAMP);
INSERT INTO public."filmAttributeValue" (id, film_attribute_id, film_id, value_text, value_timestamp) VALUES(4, 2, 1, 'Текст 4 отзыва неизвестной киноакадемии для фильма 1', CURRENT_DATE::TIMESTAMP);
INSERT INTO public."filmAttributeValue" (id, film_attribute_id, film_id, value_text, value_timestamp) VALUES(5, 2, 1, 'Текст 5 отзыва неизвестной киноакадемии для фильма 1', (CURRENT_DATE - INTERVAL '3 DAY')::TIMESTAMP);
INSERT INTO public."filmAttributeValue" (id, film_attribute_id, film_id, value_text, value_timestamp) VALUES(6, 3, 1, 'Текст 6 рецензии зрителей 1 для фильма 1', CURRENT_DATE::TIMESTAMP);
INSERT INTO public."filmAttributeValue" (id, film_attribute_id, film_id, value_text, value_timestamp) VALUES(7, 3, 1, 'Текст 7 рецензии зрителей 1 для фильма 1', (CURRENT_DATE - INTERVAL '5 DAY')::TIMESTAMP);
INSERT INTO public."filmAttributeValue" (id, film_attribute_id, film_id, value_text, value_timestamp) VALUES(8, 1, 2, 'Текст 8 рецензии критиков для фильма 2', (CURRENT_DATE - INTERVAL '10 DAY')::TIMESTAMP);
INSERT INTO public."filmAttributeValue" (id, film_attribute_id, film_id, value_text, value_timestamp) VALUES(9, 1, 2, 'Текст 9 рецензии критиков для фильма 2', (CURRENT_DATE - INTERVAL '1 DAY')::TIMESTAMP);
INSERT INTO public."filmAttributeValue" (id, film_attribute_id, film_id, value_text, value_timestamp) VALUES(10, 2, 2, 'Текст 10 отзыва неизвестной киноакадемии для фильма 2', CURRENT_DATE::TIMESTAMP);
INSERT INTO public."filmAttributeValue" (id, film_attribute_id, film_id, value_text, value_timestamp) VALUES(11, 3, 2, 'Текст 11 рецензии зрителей 1 для фильма 2', CURRENT_DATE::TIMESTAMP);
INSERT INTO public."filmAttributeValue" (id, film_attribute_id, film_id, value_text, value_timestamp) VALUES(12, 3, 2, 'Текст 12 рецензии зрителей 1 для фильма 2', (CURRENT_DATE - INTERVAL '15 DAY')::TIMESTAMP);
INSERT INTO public."filmAttributeValue" (id, film_attribute_id, film_id, value_text, value_timestamp) VALUES(13, 1, 3, 'Текст 13 рецензии критиков для фильма 3', (CURRENT_DATE - INTERVAL '1 DAY')::TIMESTAMP);
INSERT INTO public."filmAttributeValue" (id, film_attribute_id, film_id, value_text, value_timestamp) VALUES(14, 1, 3, 'Текст 14 рецензии критиков для фильма 3', (CURRENT_DATE - INTERVAL '2 DAY')::TIMESTAMP);
INSERT INTO public."filmAttributeValue" (id, film_attribute_id, film_id, value_text, value_timestamp) VALUES(15, 3, 2, 'Текст 15 рецензии зрителей 1 для фильма 3', (CURRENT_DATE - INTERVAL '1 DAY')::TIMESTAMP);
INSERT INTO public."filmAttributeValue" (id, film_attribute_id, film_id, value_boolean) VALUES(16, 4, 1, FALSE);
INSERT INTO public."filmAttributeValue" (id, film_attribute_id, film_id, value_boolean) VALUES(17, 5, 1, TRUE);
INSERT INTO public."filmAttributeValue" (id, film_attribute_id, film_id, value_boolean) VALUES(18, 6, 1, FALSE);
INSERT INTO public."filmAttributeValue" (id, film_attribute_id, film_id, value_boolean) VALUES(19, 4, 1, TRUE);
INSERT INTO public."filmAttributeValue" (id, film_attribute_id, film_id, value_boolean) VALUES(20, 5, 1, TRUE);
INSERT INTO public."filmAttributeValue" (id, film_attribute_id, film_id, value_boolean) VALUES(21, 6, 1, FALSE);
INSERT INTO public."filmAttributeValue" (id, film_attribute_id, film_id, value_boolean) VALUES(22, 4, 1, FALSE);
INSERT INTO public."filmAttributeValue" (id, film_attribute_id, film_id, value_boolean) VALUES(23, 5, 1, FALSE);
INSERT INTO public."filmAttributeValue" (id, film_attribute_id, film_id, value_boolean) VALUES(24, 6, 1, FALSE);
INSERT INTO public."filmAttributeValue" (id, film_attribute_id, film_id, value_timestamp) VALUES(25, 7, 1, (CURRENT_DATE - INTERVAL '30 DAY')::TIMESTAMP);
INSERT INTO public."filmAttributeValue" (id, film_attribute_id, film_id, value_timestamp) VALUES(26, 8, 1, (CURRENT_DATE - INTERVAL '20 DAY')::TIMESTAMP);
INSERT INTO public."filmAttributeValue" (id, film_attribute_id, film_id, value_timestamp) VALUES(27, 7, 2, (CURRENT_DATE - INTERVAL '15 DAY')::TIMESTAMP);
INSERT INTO public."filmAttributeValue" (id, film_attribute_id, film_id, value_timestamp) VALUES(28, 8, 2, (CURRENT_DATE - INTERVAL '13 DAY')::TIMESTAMP);
INSERT INTO public."filmAttributeValue" (id, film_attribute_id, film_id, value_timestamp) VALUES(29, 7, 3, CURRENT_DATE::TIMESTAMP);
INSERT INTO public."filmAttributeValue" (id, film_attribute_id, film_id, value_timestamp) VALUES(30, 8, 3, CURRENT_DATE::TIMESTAMP);
INSERT INTO public."filmAttributeValue" (id, film_attribute_id, film_id, value_timestamp) VALUES(31, 9, 1, (CURRENT_DATE - INTERVAL '35 DAY')::TIMESTAMP);
INSERT INTO public."filmAttributeValue" (id, film_attribute_id, film_id, value_timestamp) VALUES(32, 10, 1, (CURRENT_DATE - INTERVAL '50 DAY')::TIMESTAMP);
INSERT INTO public."filmAttributeValue" (id, film_attribute_id, film_id, value_timestamp) VALUES(33, 11, 1, (CURRENT_DATE - INTERVAL '19 DAY')::TIMESTAMP);
INSERT INTO public."filmAttributeValue" (id, film_attribute_id, film_id, value_timestamp) VALUES(34, 12, 1, CURRENT_DATE::TIMESTAMP);
INSERT INTO public."filmAttributeValue" (id, film_attribute_id, film_id, value_timestamp) VALUES(35, 9, 2, (CURRENT_DATE - INTERVAL '16 DAY')::TIMESTAMP);
INSERT INTO public."filmAttributeValue" (id, film_attribute_id, film_id, value_timestamp) VALUES(36, 10, 2, (CURRENT_DATE - INTERVAL '30 DAY')::TIMESTAMP);
INSERT INTO public."filmAttributeValue" (id, film_attribute_id, film_id, value_timestamp) VALUES(37, 11, 2, (CURRENT_DATE - INTERVAL '13 DAY')::TIMESTAMP);
INSERT INTO public."filmAttributeValue" (id, film_attribute_id, film_id, value_timestamp) VALUES(38, 12, 2, CURRENT_DATE::TIMESTAMP);
INSERT INTO public."filmAttributeValue" (id, film_attribute_id, film_id, value_timestamp) VALUES(39, 9, 3, CURRENT_DATE::TIMESTAMP);
INSERT INTO public."filmAttributeValue" (id, film_attribute_id, film_id, value_timestamp) VALUES(40, 10, 3, (CURRENT_DATE - INTERVAL '10 DAY')::TIMESTAMP);
INSERT INTO public."filmAttributeValue" (id, film_attribute_id, film_id, value_timestamp) VALUES(41, 11, 3, CURRENT_DATE::TIMESTAMP);
INSERT INTO public."filmAttributeValue" (id, film_attribute_id, film_id, value_timestamp) VALUES(42, 12, 3, (CURRENT_DATE + INTERVAL '20 DAY')::TIMESTAMP);